,data,cliente,id_produto,descricao,quantidade,valor_und,forma_pag
0,04/06/2025,000001,504,CONJ.COLAR/PULSEIRA MIÇANGA PINGENTE PERSONAGENS INFANTIL,"1,00","20,00",CARTÃO DÉBITO
1,04/06/2025,000001,255,SACOLA DE PAPEL P/ PRESENTE STITCH,"1,00","8,00",CARTÃO DÉBITO
2,04/06/2025,000001,785,PIRANHA STITCH,"1,00","16,99",CARTÃO DÉBITO
3,04/06/2025,000001,680,SQUISHY STITCH,"1,00","22,00",CARTÃO DÉBITO
4,04/06/2025,000001,72,PORTA CARTAO C/ CORDÃO STITCH,"1,00","11,99",CARTÃO DÉBITO
5,04/06/2025,000001,74,CHAVEIRO MEDIO STITCH,"1,00","18,00",CARTÃO DÉBITO
6,04/06/2025,000001,926,LAÇO INFANTIL JUNINO,"1,00","25,00",CARTÃO DÉBITO
7,04/06/2025,000001,686,EMBALAGEM SACO,"1,00","2,00",CARTÃO DÉBITO
8,04/06/2025,000001,639,BRACELETE BIJOUX,"1,00","30,00",DINHEIRO
9,04/06/2025,000001,360,PÓ FADA ILUMINADOR LOVE RAIN,"1,00","9,99",PIX
10,04/06/2025,000001,471,KIT TIC TAC INFANTIL PEQ C/3 UND,"1,00","6,00",PIX
11,04/06/2025,000001,520,BICO PATO METALC/2,"1,00","10,00",PIX
12,04/06/2025,000001,775,PIRANHA METAL STRASS GRANDE,"1,00","18,00",PIX
13,04/06/2025,000001,460,LAÇO INFANTIL COM 2,"2,00","12,00",CARTÃO DÉBITO
14,04/06/2025,000001,487,BICO PATO C/3 INFANTIL,"1,00","9,00",CARTÃO DÉBITO
15,04/06/2025,000001,488,BICO PATO C/2 INFANTIL,"1,00","6,99",CARTÃO DÉBITO
16,04/06/2025,000001,306,GLOSS LIP VOLUMOSO MAX LOVE,"2,00","10,00",PIX
17,04/06/2025,000001,628,BRINCO BIJOUX,"1,00","15,00",PIX
18,04/06/2025,000001,401,LAÇO SEDA GRANDE,"1,00","22,00",DINHEIRO
19,04/06/2025,000001,599,PIJAMA INFANTIL MASCULINO,"1,00","29,99",CARTÃO CRÉDITO
20,04/06/2025,000001,727,BRINCO FOLHEADO DOURADO,"1,00","8,00",CARTÃO DÉBITO
21,04/06/2025,000001,400,LAÇO COURO FAKE,"1,00","12,99",DINHEIRO
22,04/06/2025,000001,399,LAÇO CREPE,"1,00","13,00",DINHEIRO
23,04/06/2025,000001,809,ANEL PARA TRANÇA,"2,00","3,00",DINHEIRO
24,04/06/2025,000001,663,APLIQUE C/ MINI PIRANHA P/ CABELO,"1,00","10,00",DINHEIRO
25,04/06/2025,000001,550,PRESILHAS COM STRASS INDIVIDUAL,"1,00","12,00",PIX
26,05/06/2025,000001,571,BOLSA TRANSVESAL,"1,00","40,00",CARTÃO DÉBITO
27,05/06/2025,000001,571,BOLSA TRANSVESAL,"1,00","40,00",CARTÃO DÉBITO
28,05/06/2025,000001,632,BRINCO BIJOUX,"1,00","24,99",CARTÃO DÉBITO
29,05/06/2025,000001,285,BATOM MATTE BELLE ANGEL (PROMOÇÃO),"1,00","5,00",CARTÃO DÉBITO
30,05/06/2025,000001,694,KIT ÓCULOS/PRESILHA/LAÇO INFANTIL,"2,00","19,99",não checado
31,05/06/2025,000001,686,EMBALAGEM SACO,"2,00","2,00",não checado
32,05/06/2025,000001,488,BICO PATO C/2 INFANTIL,"1,00","6,99",CARTÃO DÉBITO
33,05/06/2025,000001,457,LAÇO INFANTIL INDIVIDUAL,"1,00","13,00",CARTÃO DÉBITO
34,05/06/2025,000001,460,LAÇO INFANTIL COM 2,"1,00","12,00",PIX
35,05/06/2025,000001,509,ESPONJA COQUE PENTEADO PEQUENA,"1,00","6,00",PIX
36,05/06/2025,000001,775,PIRANHA METAL STRASS GRANDE,"1,00","18,00",PIX
37,05/06/2025,000001,472,TIC TAC KIT C/6,"1,00","12,00",PIX
38,05/06/2025,000001,307,BATOM MATTE 30 HORAS MAX LOVE,"1,00","10,00",PIX
39,05/06/2025,000001,753,LIP OIL STITCH SWETT,"1,00","10,00",PIX
40,05/06/2025,000001,285,BATOM MATTE BELLE ANGEL (PROMOÇÃO),"1,00","5,00",PIX
41,05/06/2025,000001,18,GLOSS STITCH,"1,00","17,99",CARTÃO DÉBITO
42,05/06/2025,000001,783,CARTELA DE ADESIVOS PERSONAGENS,"1,00","7,00",CARTÃO DÉBITO
43,05/06/2025,000001,193,LAPIS GRAFITE HB FABER CASTELL UND,"1,00","1,99",CARTÃO DÉBITO
44,05/06/2025,000001,183,BORRACHA MONSTRINHO KAZ,"1,00","4,00",CARTÃO DÉBITO
45,05/06/2025,000001,898,LIP GLOSS STITCH SPINE,"1,00","15,00",CARTÃO DÉBITO
46,05/06/2025,000001,303,BLUSH JELLY TINT,"1,00","15,00",CARTÃO DÉBITO
47,05/06/2025,000001,737,XUXINHA MEDIA KIT INFANTIL,"1,00","4,00",CARTÃO DÉBITO
48,05/06/2025,000001,903,LIP GLOSS MATTE MISS ROYAL,"1,00","10,00",CARTÃO DÉBITO
49,05/06/2025,000001,902,BATOM 5D LIPSTICK MISS ROYAL,"1,00","12,00",CARTÃO DÉBITO
50,05/06/2025,000001,926,LAÇO INFANTIL JUNINO,"1,00","25,00",CARTÃO DÉBITO
51,05/06/2025,000001,542,PIRANHA METAL STRASS MÉDIA,"1,00","16,00",CARTÃO CRÉDITO
52,05/06/2025,000001,939,CORRENTE TERÇO FOLHEADO DOURADO,"1,00","15,00",CARTÃO CRÉDITO
53,05/06/2025,000001,888,EMBALAGEM PAPEL COM ALÇA PP,"1,00","2,00",CARTÃO CRÉDITO
54,05/06/2025,000001,631,BRINCO BIJOUX,"1,00","18,00",não checado
55,05/06/2025,000001,914,BATOM MATTE LIQUIDO SARAH'S BEAUTY,"1,00","9,99",não checado
56,05/06/2025,000001,871,CONJ PIJAMA INFANTIL MANGA COMPRIDA E CALÇA P,"1,00","45,00",não checado
57,05/06/2025,000001,294,SERUM FACIAL COLAGENO MAX LOVE,"1,00","10,00",não checado
58,05/06/2025,000001,908,SERUM FACIAL 10 EM 1  MAX LOVE,"1,00","10,00",não checado
59,05/06/2025,000001,312,LAPIS DELENIADOR OLHO RETRATIL,"1,00","5,00",não checado
60,05/06/2025,000001,544,PIRANHA VELUDO URSO,"1,00","9,00",não checado
61,05/06/2025,000001,686,EMBALAGEM SACO,"1,00","2,00",não checado
62,05/06/2025,000001,837,CONJ PIJAMA INFANTIL BLUSA ALÇA E CALÇA,"1,00","40,00",não checado
63,05/06/2025,000001,686,EMBALAGEM SACO,"1,00","2,00",não checado
64,05/06/2025,000001,757,SABONETE FACIAL BABASOUL CHICLETE,"1,00","10,00",não checado
65,05/06/2025,000001,863,HIDRATANTE CORPO E MÃOS STITCH,"1,00","20,00",PIX
66,05/06/2025,000001,898,LIP GLOSS STITCH SPINE,"1,00","15,00",PIX
67,05/06/2025,000001,897,SOMBRA STITCH,"1,00","37,00",PIX
68,05/06/2025,000001,839,LAÇO BICO PATO C/2 UND STITCH,"1,00","13,00",PIX
69,05/06/2025,000001,255,SACOLA DE PAPEL P/ PRESENTE STITCH,"1,00","8,00",PIX
70,05/06/2025,000001,893,CHAVEIRO URSINHO PELÚCIA,"1,00","9,00",PIX
71,05/06/2025,000001,442,CHAVEIROS DIVERSOS PEQUENOS,"1,00","12,00",PIX
72,05/06/2025,000001,835,SQUISHY PERSONAGENS,"1,00","16,00",PIX
73,05/06/2025,000001,751,OVO STITCH,"1,00","12,99",PIX
74,05/06/2025,000001,765,CARTEIRA JUVENIL TIME FUTEBOL,"1,00","27,00",PIX DIRETO
75,05/06/2025,000001,686,EMBALAGEM SACO,"1,00","2,00",PIX DIRETO
76,05/06/2025,000001,926,LAÇO INFANTIL JUNINO,"1,00","25,00",CARTÃO CRÉDITO
77,05/06/2025,000001,900,BATOM CLASSIC LIPSTICK,"1,00","8,00",CARTÃO CRÉDITO
78,05/06/2025,000001,773,CANETA LUXO,"1,00","12,00",CARTÃO CRÉDITO
79,05/06/2025,000001,598,PIJAMA INFANTI ALCINHA E SHORT CURTO,"1,00","30,00",CARTÃO DÉBITO
80,05/06/2025,000001,686,EMBALAGEM SACO,"1,00","2,00",CARTÃO DÉBITO
81,05/06/2025,000001,926,LAÇO INFANTIL JUNINO,"1,00","25,00",CARTÃO DÉBITO
82,05/06/2025,000001,535,KIT MINI PIRANHA C/6 UND,"1,00","9,99",PIX DIRETO
83,05/06/2025,000001,484,KIT XUXINHA SIMPLES FINA INFANTIL C/6,"1,00","2,99",PIX DIRETO
84,05/06/2025,000001,452,BOLSA INFANTIL,"1,00","25,00",CARTÃO DÉBITO
85,05/06/2025,000001,686,EMBALAGEM SACO,"1,00","2,00",CARTÃO DÉBITO
86,05/06/2025,000001,150,BORRACHA RETRATIL CAPIVARA,"1,00","10,00",CARTÃO DÉBITO
87,05/06/2025,000001,193,LAPIS GRAFITE HB FABER CASTELL UND,"1,00","1,99",CARTÃO DÉBITO
88,05/06/2025,000001,329,PO SOLTO ULTRAFINO LOVELY,"1,00","10,00",DINHEIRO
89,05/06/2025,000001,168,RELOGIO DIGITAL INFANTIL COM APLIQUE PERSONAGENS,"1,00","17,99",CARTÃO DÉBITO
90,06/06/2025,000001,525,BICO PATO METAL C/4,"1,00","13,00",DINHEIRO
91,06/06/2025,000001,808,PIRANHA EXTRA GRANDE QUADRADA,"1,00","10,00",DINHEIRO
92,06/06/2025,000001,732,KIT TIC TAC ORGANICO GRANDE C/2,"1,00","8,00",DINHEIRO
93,06/06/2025,000001,909,PALETA DE SOMBRA BOBBI RARA,"1,00","20,00",CARTÃO DÉBITO
94,06/06/2025,000001,347,ESPONJA MAQUIAGEM INDIVIDUAL,"2,00","6,00",CARTÃO DÉBITO
95,06/06/2025,000001,914,BATOM MATTE LIQUIDO SARAH'S BEAUTY,"1,00","9,99",CARTÃO DÉBITO
96,06/06/2025,000001,310,LAPIS DELENIADOR OLHO RETRATIL RUBY ROSE,"1,00","11,99",CARTÃO DÉBITO
97,06/06/2025,000001,399,LAÇO CREPE,"1,00","13,00",PIX
98,06/06/2025,000001,307,BATOM MATTE 30 HORAS MAX LOVE,"1,00","10,00",CARTÃO DÉBITO
99,06/06/2025,000001,304,LIP TINT BELLE ANGEL (PROMOÇÃO),"1,00","5,00",CARTÃO DÉBITO
100,06/06/2025,000001,204,LAPIS POLY 0.7 PONTEIRA PERSONAGENS,"1,00","7,00",CARTÃO DÉBITO
101,06/06/2025,000001,670,RECARGA PONTA 2.0 POLY KAZ,"1,00","3,00",CARTÃO DÉBITO
102,06/06/2025,000001,806,"LAPISEIRA STTICH 0,5 C/ REFIL","1,00","15,00",PIX
103,06/06/2025,000001,50,ESTOJO PELUCIA STITCH,"1,00","15,00",PIX
104,06/06/2025,000001,941,LAÇO COM APLIQUE PERSONAGEM GRANDE,"1,00","15,00",CARTÃO CRÉDITO
105,06/06/2025,000001,809,ANEL PARA TRANÇA,"2,00","3,00",CARTÃO DÉBITO
106,06/06/2025,000001,913,PALETA 3 EM 1 ILUM+BLUSH+CONTORNO BOBBI RARA,"1,00","15,00",CARTÃO DÉBITO
107,06/06/2025,000001,909,PALETA DE SOMBRA BOBBI RARA,"1,00","20,00",CARTÃO DÉBITO
108,06/06/2025,000001,484,KIT XUXINHA SIMPLES FINA INFANTIL C/6,"1,00","2,99",CARTÃO DÉBITO
109,06/06/2025,000001,923,LAÇO INFANTIL JUNINO,"1,00","19,99",CARTÃO DÉBITO
110,06/06/2025,000001,849,PELUCIA CAPIVARA MED 20CM,"1,00","50,00",CARTÃO CRÉDITO
111,06/06/2025,000001,686,EMBALAGEM SACO,"1,00","2,00",CARTÃO CRÉDITO
112,06/06/2025,000016,571,BOLSA TRANSVESAL,"1,00","40,00",PIX DIRETO
113,06/06/2025,000016,256,SACOLA DE PAPEL P/ PRESENTE COM ALÇA GRANDE,"1,00","5,00",PIX DIRETO
114,06/06/2025,000001,54,BLOCO ANOTAÇÃO STITCH,"1,00","19,99",CARNÊ
115,06/06/2025,000001,71,SANDALIA HAV. C/ BRILHO STITCH,"1,00","39,99",CARTÃO DÉBITO
116,07/06/2025,000001,435,ESTOJO 1 ZIPER QUADRADO (INSP. KIPLING),"1,00","40,00",CARTÃO DÉBITO
117,07/06/2025,000001,116,CANETINHA HIDROGRAFICA KAZC/12,"1,00","10,00",CARTÃO DÉBITO
118,07/06/2025,000001,502,PULSEIRA BERLOQUE INFANTIL,"1,00","10,00",CARTÃO DÉBITO
119,07/06/2025,000001,471,KIT TIC TAC INFANTIL PEQ C/3 UND,"1,00","6,00",DINHEIRO
120,07/06/2025,000020,844,BOLSA BAG TRANSVERSAL KIMTINO,"1,00","99,99",PIX
121,07/06/2025,000001,881,BOBBIE GOODS DIVERSOS,"1,00","35,00",CRÉDITO DO CLIENTE
122,07/06/2025,000001,923,LAÇO INFANTIL JUNINO,"1,00","19,99",CARTÃO DÉBITO
123,07/06/2025,000001,924,LAÇO INFANTIL JUNINO,"1,00","10,00",CARTÃO DÉBITO
124,07/06/2025,000001,941,LAÇO COM APLIQUE PERSONAGEM GRANDE,"1,00","15,00",PIX
125,07/06/2025,000001,751,OVO STITCH,"1,00","12,99",PIX
126,07/06/2025,000001,535,KIT MINI PIRANHA C/6 UND,"1,00","9,99",PIX
127,07/06/2025,000001,339,KIT PINCEL C/7,"1,00","16,50",CARTÃO DÉBITO
128,07/06/2025,000001,911,PALETA 3 EM 1 ILUM+BLUSH+CONTORNO LABRANCHE,"1,00","20,00",CARTÃO DÉBITO
129,07/06/2025,000001,314,LAPIS BATOM UNI,"1,00","15,00",CARTÃO DÉBITO
130,07/06/2025,000001,628,BRINCO BIJOUX,"1,00","15,00",DINHEIRO
131,07/06/2025,000001,454,LAÇO INFANTIL INDIVIDUAL,"1,00","6,00",DINHEIRO
132,07/06/2025,000001,481,KIT XUXINHA SIMPLES INFANTIL C/ APLIQUE C/2 UND,"1,00","3,99",DINHEIRO
133,07/06/2025,000001,494,ELASTICO BOX OU BABY SIZE,"1,00","14,99",DINHEIRO
134,07/06/2025,000001,721,BRINCO FOLHEADO DOURADO,"1,00","11,99",DINHEIRO
135,07/06/2025,000001,33,CANETA APAGAVEL STITCH,"1,00","10,00",DINHEIRO
136,07/06/2025,000001,205,CANETA APAGAVEL PERSONAGENS,"1,00","6,00",DINHEIRO
137,07/06/2025,000001,456,LAÇO INFANTIL INDIVIDUAL,"1,00","10,00",CARTÃO DÉBITO
138,07/06/2025,000001,362,ADESIVO FACE CARNAVAL PEDRAS,"1,00","8,00",CARTÃO DÉBITO
139,07/06/2025,000001,870,BRINCO FOLHEADO AÇO,"1,00","15,00",CARTÃO DÉBITO
140,07/06/2025,000001,472,TIC TAC KIT C/6,"2,00","12,00",CARTÃO DÉBITO
141,07/06/2025,000001,771,BODY SPLASH PERFUME,"1,00","50,00",PIX
142,07/06/2025,000001,771,BODY SPLASH PERFUME,"1,00","50,00",DINHEIRO
143,07/06/2025,000001,756,MASCARA FACIAL STITCH,"1,00","10,00",DINHEIRO
144,07/06/2025,000001,429,CADERNO ANOTAÇÃO PEQ,"1,00","16,00",DINHEIRO
145,07/06/2025,000001,346,COLA PARA CILIOS EYE ADHESIVE,"1,00","8,00",CARTÃO DÉBITO
146,07/06/2025,000001,465,KIT LAÇOS DIVERSOS,"1,00","16,00",CARTÃO DÉBITO
147,07/06/2025,000001,492,TUBO LIGA DE SILICONE,"1,00","5,99",CARTÃO DÉBITO
148,07/06/2025,000001,481,KIT XUXINHA SIMPLES INFANTIL C/ APLIQUE C/2 UND,"1,00","3,99",CARTÃO DÉBITO
149,07/06/2025,000001,274,BRUMA FIXADORA  MAX LOVE,"1,00","10,00",PIX
150,07/06/2025,000001,759,GEL HIDRATANTE VIRILHA BABASOUL 280ML,"1,00","24,00",PIX
151,07/06/2025,000001,331,PO FACIAL MIA MAKE,"1,00","10,00",PIX
152,07/06/2025,000001,325,SOMBRA E BLUSH LOVE RAIN,"1,00","12,00",PIX
153,07/06/2025,000001,334,CORRETIVO COLOR LORE PROMOÇÃO,"1,00","4,99",PIX
154,07/06/2025,000001,347,ESPONJA MAQUIAGEM INDIVIDUAL,"1,00","6,00",PIX
155,09/06/2025,000001,355,CILIOS POSTIÇOS 6D,"1,00","10,00",PIX
156,09/06/2025,000001,735,COLA PARA UNHA POSTIÇA,"1,00","7,99",PIX
157,09/06/2025,000001,911,PALETA 3 EM 1 ILUM+BLUSH+CONTORNO LABRANCHE,"1,00","20,00",CARTÃO CRÉDITO
158,09/06/2025,000001,370,BASE MATE LOVE RAIN,"1,00","15,00",CARTÃO CRÉDITO
159,09/06/2025,000001,760,CORRETIVO LUA E NEVE,"1,00","9,99",CARTÃO CRÉDITO
160,09/06/2025,000001,193,LAPIS GRAFITE HB FABER CASTELL UND,"1,00","1,99",CARTÃO DÉBITO
161,09/06/2025,000001,327,SOMBRA COLOR-ME,"1,00","2,00",CARTÃO DÉBITO
162,09/06/2025,000001,686,EMBALAGEM SACO,"1,00","2,00",CARTÃO DÉBITO
163,09/06/2025,000001,306,GLOSS LIP VOLUMOSO MAX LOVE,"1,00","10,00",DINHEIRO
164,09/06/2025,000001,686,EMBALAGEM SACO,"1,00","2,00",DINHEIRO
165,09/06/2025,000001,48,KIT LANCHEIRA E GARRAFA STITCH,"1,00","33,00",DINHEIRO
166,09/06/2025,000001,737,XUXINHA MEDIA KIT INFANTIL,"1,00","4,00",DINHEIRO
167,09/06/2025,000001,926,LAÇO INFANTIL JUNINO,"1,00","25,00",DINHEIRO
168,09/06/2025,000001,851,LAÇO INFANTIL PROMOÇAO,"1,00","5,00",DINHEIRO
169,10/06/2025,000001,926,LAÇO INFANTIL JUNINO,"1,00","25,00",CARTÃO CRÉDITO
170,10/06/2025,000021,603,CONJ PIJAMA BLUSA MANGA E SHORT FEMININO,"1,00","44,99",DINHEIRO
171,10/06/2025,000021,54,BLOCO ANOTAÇÃO STITCH,"1,00","19,99",DINHEIRO
172,10/06/2025,000021,895,LAÇO INFANTIL INDIVIDUAL STITCH,"1,00","12,99",DINHEIRO
173,10/06/2025,000021,898,LIP GLOSS STITCH SPINE,"1,00","15,00",DINHEIRO
174,10/06/2025,000021,806,"LAPISEIRA STTICH 0,5 C/ REFIL","1,00","15,00",DINHEIRO
175,10/06/2025,000021,43,CANETA 6 CORES PELUCIA STITCH,"1,00","17,99",DINHEIRO
176,10/06/2025,000021,341,DELENIADOR OLHO ADESIVO MAGIC,"1,00","9,99",DINHEIRO
177,10/06/2025,000021,752,LIP GLOSS STITCH MOC MALLURE,"1,00","17,99",DINHEIRO
178,10/06/2025,000021,255,SACOLA DE PAPEL P/ PRESENTE STITCH,"2,00","8,00",DINHEIRO
179,10/06/2025,000001,51,RELOGIO STITCH MUSICAL,"1,00","50,00",CARNÊ
180,10/06/2025,000001,753,LIP OIL STITCH SWETT,"1,00","10,00",CARNÊ
181,10/06/2025,000001,686,EMBALAGEM SACO,"1,00","2,00",CARNÊ
182,10/06/2025,000001,923,LAÇO INFANTIL JUNINO,"1,00","19,99",CARTÃO CRÉDITO
183,11/06/2025,000001,386,CINTO ELASTICO PEROLA FIVELA COM STRASS,"1,00","30,00",CARTÃO CRÉDITO
184,11/06/2025,000001,556,XUXINHA INDIVIDUAL,"1,00","5,00",CARTÃO CRÉDITO
185,11/06/2025,000001,537,PIRANHA PEQUENA,"1,00","8,00",CARTÃO CRÉDITO
186,11/06/2025,000001,533,BICO PATO LAÇO C/STRASS INDIVUDUAL,"1,00","15,00",PIX
187,11/06/2025,000001,456,LAÇO INFANTIL INDIVIDUAL,"1,00","10,00",PIX
188,11/06/2025,000001,128,CANETINHA HIDROGRAFICA BRUSH KAZC/12,"1,00","28,00",DINHEIRO
189,11/06/2025,000001,166,CARIMBO DIVERTIDO KAZ,"2,00","2,99",PIX
190,11/06/2025,000001,191,LAPIS GRAFITE HB KAZ UND,"3,00","1,50",PIX
191,11/06/2025,000001,835,SQUISHY PERSONAGENS,"1,00","16,00",PIX
192,11/06/2025,000001,885,LAPISEIRA TIRA PONTA (PROMOÇÃO),"1,00","3,00",PIX
193,11/06/2025,000001,826,COLAR CORDÃO AMIZADE C/2,"1,00","8,00",PIX
194,11/06/2025,000001,525,BICO PATO METAL C/4,"1,00","13,00",DINHEIRO
195,11/06/2025,000001,925,LAÇO INFANTIL JUNINO,"1,00","15,00",DINHEIRO
196,11/06/2025,000001,323,SOMBRA GLITTER LOVE RAIN,"1,00","20,00",DINHEIRO
197,11/06/2025,000001,913,PALETA 3 EM 1 ILUM+BLUSH+CONTORNO BOBBI RARA,"1,00","15,00",DINHEIRO
198,11/06/2025,000001,303,BLUSH JELLY TINT,"1,00","15,00",DINHEIRO
199,11/06/2025,000001,441,CHAVEIROS DIVERSOS MEDIOS,"1,00","13,00",CARTÃO CRÉDITO
200,12/06/2025,000001,373,GLOSS 3D FEBELLA,"1,00","14,99",PIX
201,12/06/2025,000001,624,COLAR BIJOUX,"1,00","20,00",PIX
202,12/06/2025,000001,637,BRACELETE BIJOUX,"1,00","19,99",PIX
203,12/06/2025,000001,724,BRINCO FOLHEADO DOURADO,"1,00","30,00",PIX
204,12/06/2025,000001,571,BOLSA TRANSVESAL,"1,00","40,00",CARTÃO DÉBITO
205,12/06/2025,000001,812,ESCOVA PENTE  BABY HAIR,"1,00","10,00",CARTÃO DÉBITO
206,12/06/2025,000001,292,SERUM FACIAL CHA VERDE MAX LOVE,"1,00","10,00",CARTÃO DÉBITO
207,12/06/2025,000001,304,LIP TINT BELLE ANGEL (PROMOÇÃO),"1,00","5,00",PIX
208,12/06/2025,000001,30,CANETA FLEXIVEL STITCH,"1,00","10,00",PIX
209,12/06/2025,000001,400,LAÇO COURO FAKE,"1,00","12,99",CARTÃO DÉBITO
210,12/06/2025,000001,923,LAÇO INFANTIL JUNINO,"1,00","19,99",CARTÃO DÉBITO
211,12/06/2025,000001,795,MASCARA DE DORMIR TAPA OLHO C/ GEL STITCH,"1,00","16,00",PIX
212,12/06/2025,000001,686,EMBALAGEM SACO,"1,00","2,00",PIX
213,12/06/2025,000001,35,MARCA TEXTO 6 CABEÇAS STITCH,"1,00","45,00",CARTÃO DÉBITO
214,12/06/2025,000001,55,FITA CORRETIVA CORPO STITCH,"1,00","24,00",CARTÃO DÉBITO
215,12/06/2025,000001,786,CANETA C/POMPOM CORAÇÃO STITCH,"1,00","16,00",CARTÃO DÉBITO
216,12/06/2025,000001,43,CANETA 6 CORES PELUCIA STITCH,"2,00","17,99",CARTÃO DÉBITO
217,12/06/2025,000001,15,GRAMPEADOR STITCH,"1,00","40,00",CARTÃO DÉBITO
218,12/06/2025,000001,758,PULSEIRA BERLOQUE STITCH INFANTIL,"2,00","23,00",CARTÃO DÉBITO
219,12/06/2025,000001,50,ESTOJO PELUCIA STITCH,"1,00","15,00",CARTÃO DÉBITO
220,12/06/2025,000001,20,LAPIS INFINITO STITCH,"2,00","13,00",CARTÃO DÉBITO
221,12/06/2025,000001,790,CHAVEIRO PORTA MOEDA STITCH,"2,00","17,00",CARTÃO DÉBITO
222,12/06/2025,000001,805,BORRACHA RETRATIL STITCH,"1,00","11,99",CARTÃO DÉBITO
223,12/06/2025,000001,18,GLOSS STITCH,"1,00","17,99",CARTÃO DÉBITO
224,12/06/2025,000001,795,MASCARA DE DORMIR TAPA OLHO C/ GEL STITCH,"1,00","16,00",CARTÃO DÉBITO
225,12/06/2025,000001,237,EMBALAGEM PLASTICA COM ALÇA/ PRESENTE TAM. PEQ,"1,00","14,00",CARTÃO DÉBITO
226,12/06/2025,000001,919,CINTO BOHO CHIQUE,"1,00","50,00",CARTÃO DÉBITO
227,12/06/2025,000001,686,EMBALAGEM SACO,"1,00","2,00",CARTÃO DÉBITO
228,12/06/2025,000001,424,KIT MAQUIAGEM STITCH,"1,00","120,00",CARTÃO DÉBITO
229,12/06/2025,000001,255,SACOLA DE PAPEL P/ PRESENTE STITCH,"1,00","8,00",CARTÃO DÉBITO
230,12/06/2025,000001,887,CONJ PIJAMA FEMININO AMERICANO,"1,00","110,00",CARTÃO CRÉDITO
231,12/06/2025,000001,603,CONJ PIJAMA BLUSA MANGA E SHORT FEMININO,"1,00","44,99",CARTÃO CRÉDITO
232,12/06/2025,000001,723,BRINCO FOLHEADO DOURADO,"1,00","24,00",CARTÃO CRÉDITO
233,12/06/2025,000001,604,COLAR BIJOUX,"1,00","40,00",CARTÃO CRÉDITO
234,12/06/2025,000001,723,BRINCO FOLHEADO DOURADO,"1,00","24,00",CARTÃO CRÉDITO
235,12/06/2025,000001,373,GLOSS 3D FEBELLA,"2,00","14,99",CARTÃO CRÉDITO
236,12/06/2025,000001,901,MASCARA PARA CILIOS A PROVA D'AGUA FEBELLA,"1,00","10,00",CARTÃO CRÉDITO
237,12/06/2025,000001,550,PRESILHAS COM STRASS INDIVIDUAL,"1,00","12,00",DINHEIRO
238,12/06/2025,000001,749,KIT TIC TAC ADULTO GRANDE COM STRASS C/2,"1,00","9,99",DINHEIRO
239,12/06/2025,000001,463,KIT LAÇO INFANTIL PEQ C/ 2 UND,"1,00","8,00",DINHEIRO
240,12/06/2025,000001,926,LAÇO INFANTIL JUNINO,"1,00","25,00",CARTÃO DÉBITO
241,12/06/2025,000001,399,LAÇO CREPE,"2,00","13,00",CARTÃO DÉBITO
242,12/06/2025,000001,292,SERUM FACIAL CHA VERDE MAX LOVE,"1,00","10,00",CARTÃO CRÉDITO
243,12/06/2025,000001,757,SABONETE FACIAL BABASOUL CHICLETE,"1,00","10,00",CARTÃO CRÉDITO
244,12/06/2025,000001,686,EMBALAGEM SACO,"1,00","2,00",CARTÃO CRÉDITO
245,12/06/2025,000001,841,BOLSA 2 EM 1 TRANSVERSAL BOBO,"1,00","150,00",CARTÃO DÉBITO
246,12/06/2025,000001,236,SACOLA DE PAPEL P/ PRESENTE COM ALÇA MED,"1,00","5,00",CARTÃO DÉBITO
247,12/06/2025,000001,777,LIVRO DE ATIVIDADES STITCH (100 FOLHAS),"1,00","25,00",CARTÃO DÉBITO
248,12/06/2025,000001,43,CANETA 6 CORES PELUCIA STITCH,"1,00","17,99",CARTÃO DÉBITO
249,12/06/2025,000001,703,BOLSA INFANTIL STITCH MOCHILA TAM. M,"1,00","50,00",CARTÃO DÉBITO
250,12/06/2025,000001,686,EMBALAGEM SACO,"1,00","2,00",CARTÃO DÉBITO
251,12/06/2025,000001,70,SANDALIA STITCH SIMPLES,"1,00","40,00",CARTÃO CRÉDITO
252,12/06/2025,000001,759,GEL HIDRATANTE VIRILHA BABASOUL 280ML,"1,00","24,00",CARTÃO CRÉDITO
253,12/06/2025,000001,686,EMBALAGEM SACO,"1,00","2,00",CARTÃO CRÉDITO
254,12/06/2025,000001,624,COLAR BIJOUX,"1,00","20,00",CARTÃO CRÉDITO
255,12/06/2025,000001,848,CAIXA PRESENTE,"1,00","5,00",CARTÃO CRÉDITO
256,12/06/2025,000001,721,BRINCO FOLHEADO DOURADO,"1,00","11,99",CARTÃO CRÉDITO
257,12/06/2025,000001,881,BOBBIE GOODS DIVERSOS,"1,00","35,00",PIX
258,12/06/2025,000001,176,KIT TOUCH 24 PCS PONTA DUPLA,"1,00","75,00",PIX
259,12/06/2025,000001,236,SACOLA DE PAPEL P/ PRESENTE COM ALÇA MED,"1,00","5,00",PIX
260,13/06/2025,000001,308,BATOM MATTE 24 HORAS MAX LOVE,"1,00","10,00",PIX
261,13/06/2025,000001,835,SQUISHY PERSONAGENS,"1,00","16,00",DINHEIRO
262,13/06/2025,000001,166,CARIMBO DIVERTIDO KAZ,"1,00","2,99",DINHEIRO
263,13/06/2025,000001,877,PIRANHA PROMOÇÃO,"2,00","10,00",DINHEIRO
264,13/06/2025,000001,492,TUBO LIGA DE SILICONE,"1,00","5,99",DINHEIRO
265,13/06/2025,000001,599,PIJAMA INFANTIL MASCULINO,"1,00","29,99",DINHEIRO
266,13/06/2025,000001,686,EMBALAGEM SACO,"1,00","2,00",DINHEIRO
267,13/06/2025,000001,49,ESTOJO 3D STITCH PEQ,"1,00","49,99",CARTÃO DÉBITO
268,13/06/2025,000001,686,EMBALAGEM SACO,"1,00","2,00",CARTÃO DÉBITO
269,13/06/2025,000001,26,CANETA 6 CORES C/ PONTEIRA TRANSP. STITCH,"1,00","15,00",CARTÃO DÉBITO
270,13/06/2025,000001,923,LAÇO INFANTIL JUNINO,"1,00","19,99",CARTÃO CRÉDITO
271,13/06/2025,000001,130,RELOGIO DIGITAL INFANTIL LEGO,"1,00","25,00",CARTÃO CRÉDITO
272,13/06/2025,000001,572,BOLSA TRANSVERSAL BOBO,"1,00","120,00",CARTÃO CRÉDITO
273,13/06/2025,000001,443,CHAVEIRO GRANDES DIVERSOS,"2,00","16,00",CARTÃO CRÉDITO
274,13/06/2025,000001,446,CHAVEIROS DIVERSOS METAL C/ STRASS,"1,00","13,00",CARTÃO CRÉDITO
275,13/06/2025,000001,804,CHAVEIRO STITCH C/ CALCULADORA,"1,00","16,00",CARTÃO CRÉDITO
276,13/06/2025,000001,871,CONJ PIJAMA INFANTIL MANGA COMPRIDA E CALÇA P,"2,00","45,00",DINHEIRO
277,13/06/2025,000001,130,RELOGIO DIGITAL INFANTIL LEGO,"1,00","25,00",PIX
278,13/06/2025,000001,923,LAÇO INFANTIL JUNINO,"1,00","19,99",PIX
279,13/06/2025,000001,501,PULSEIRA MIÇANGAS KIT COM 4,"1,00","12,00",PIX
280,13/06/2025,000001,494,ELASTICO BOX OU BABY SIZE,"1,00","14,99",PIX
281,13/06/2025,000001,166,CARIMBO DIVERTIDO KAZ,"1,00","2,99",PIX
282,13/06/2025,000001,458,LAÇO INFANTIL INDIVIDUAL,"1,00","12,00",PIX
283,13/06/2025,000001,236,SACOLA DE PAPEL P/ PRESENTE COM ALÇA MED,"1,00","5,00",CARTÃO DÉBITO
284,13/06/2025,000001,370,BASE MATE LOVE RAIN,"1,00","15,00",DINHEIRO
285,13/06/2025,000001,280,MOUSSE MICELAR BABABELL,"1,00","20,00",DINHEIRO
286,13/06/2025,000001,329,PO SOLTO ULTRAFINO LOVELY,"1,00","10,00",DINHEIRO
287,13/06/2025,000001,760,CORRETIVO LUA E NEVE,"1,00","9,99",DINHEIRO
288,13/06/2025,000001,901,MASCARA PARA CILIOS A PROVA D'AGUA FEBELLA,"1,00","10,00",DINHEIRO
289,13/06/2025,000001,906,SERUM FACIAL VIT C OIL FREE MAX LOVE,"1,00","10,00",DINHEIRO
290,13/06/2025,000001,915,HENNA MAKIAJ CASTANHO CLARO,"1,00","10,00",DINHEIRO
291,13/06/2025,000001,922,BOLSA COM FRANJA CAMURÇA,"1,00","30,00",DINHEIRO
292,13/06/2025,000001,726,BRINCO FOLHEADO DOURADO,"1,00","15,00",PIX
293,13/06/2025,000001,717,BRINCO FOLHEADO DOURADO,"1,00","10,00",PIX
294,13/06/2025,000001,727,BRINCO FOLHEADO DOURADO,"1,00","8,00",PIX
295,13/06/2025,000001,731,PULSEIRA BERLOQUE ADULTO,"2,00","10,00",CARTÃO CRÉDITO
296,13/06/2025,000001,680,SQUISHY STITCH,"1,00","22,00",CARTÃO CRÉDITO
297,13/06/2025,000001,304,LIP TINT BELLE ANGEL (PROMOÇÃO),"1,00","5,00",CARTÃO CRÉDITO
298,13/06/2025,000001,52,SANDALIA GRANDENE STITCH INF,"1,00","100,00",DINHEIRO
299,13/06/2025,000001,898,LIP GLOSS STITCH SPINE,"1,00","15,00",DINHEIRO
300,13/06/2025,000001,626,BRINCO BIJOUX,"1,00","10,00",DINHEIRO
301,13/06/2025,000001,425,COPO TERMICO MUSICAL,"1,00","50,00",CARTÃO CRÉDITO
302,13/06/2025,000001,447,CHAVEIRO TERÇO,"1,00","7,99",CARTÃO CRÉDITO
303,13/06/2025,000001,860,BOBBIE GOODS MINI,"1,00","26,99",PIX
304,13/06/2025,000004,793,AGENDA EM INGLES STITCH,"1,00","40,00",CARTÃO CRÉDITO
305,13/06/2025,000001,926,LAÇO INFANTIL JUNINO,"1,00","25,00",não checado
306,14/06/2025,000001,484,KIT XUXINHA SIMPLES FINA INFANTIL C/6,"1,00","2,99",CARTÃO DÉBITO
307,14/06/2025,000001,373,GLOSS 3D FEBELLA,"1,00","14,99",CARTÃO DÉBITO
308,14/06/2025,000001,491,LIGA DE SILICONE,"1,00","5,00",CARTÃO DÉBITO
309,14/06/2025,000001,722,BRINCO FOLHEADO PRATA,"1,00","24,00",PIX
310,14/06/2025,000001,923,LAÇO INFANTIL JUNINO,"2,00","19,99",CARTÃO DÉBITO
311,14/06/2025,000001,472,TIC TAC KIT C/6,"1,00","12,00",CARTÃO DÉBITO
312,14/06/2025,000001,187,BORRACHA RETRATIL PERSONAGENS DIVERSOS,"2,00","10,00",PIX
313,14/06/2025,000001,176,KIT TOUCH 24 PCS PONTA DUPLA,"1,00","75,00",CARTÃO DÉBITO
314,14/06/2025,000001,881,BOBBIE GOODS DIVERSOS,"1,00","35,00",CARTÃO DÉBITO
315,14/06/2025,000001,923,LAÇO INFANTIL JUNINO,"1,00","19,99",DINHEIRO
316,14/06/2025,000001,902,BATOM 5D LIPSTICK MISS ROYAL,"1,00","12,00",DINHEIRO
317,14/06/2025,000001,826,COLAR CORDÃO AMIZADE C/2,"1,00","8,00",PIX
318,14/06/2025,000001,500,PULSEIRA CORDÃO AJUSTAVEL,"1,00","4,99",PIX
319,14/06/2025,000001,835,SQUISHY PERSONAGENS,"2,00","16,00",DINHEIRO
320,14/06/2025,000001,805,BORRACHA RETRATIL STITCH,"1,00","11,99",CARTÃO CRÉDITO
321,14/06/2025,000001,670,RECARGA PONTA 2.0 POLY KAZ,"1,00","3,00",CARTÃO CRÉDITO
322,14/06/2025,000001,672,LAPISEIRA STTICH 2.0,"1,00","12,99",CARTÃO CRÉDITO
323,14/06/2025,000001,225,SACO PRESENTE TAM.20X29CM,"1,00","1,99",CARTÃO CRÉDITO
324,14/06/2025,000001,49,ESTOJO 3D STITCH PEQ,"1,00","49,99",PIX DIRETO
325,14/06/2025,000001,43,CANETA 6 CORES PELUCIA STITCH,"1,00","17,99",PIX DIRETO
326,14/06/2025,000001,898,LIP GLOSS STITCH SPINE,"1,00","15,00",PIX DIRETO
327,14/06/2025,000001,225,SACO PRESENTE TAM.20X29CM,"2,00","1,99",PIX DIRETO
328,16/06/2025,000001,881,BOBBIE GOODS DIVERSOS,"1,00","35,00",CARTÃO CRÉDITO
329,16/06/2025,000001,176,KIT TOUCH 24 PCS PONTA DUPLA,"1,00","75,00",CARTÃO CRÉDITO
330,16/06/2025,000001,140,MARCA TEXTO COM CHEIRINHO FRUIT C/6 UND,"1,00","28,00",CARTÃO CRÉDITO
331,16/06/2025,000001,498,UNHA POSTICA INFANTIL,"1,00","8,00",CARTÃO CRÉDITO
332,16/06/2025,000001,480,TIARA DE MEIA KIT C/4  BEBÊ,"1,00","18,00",DINHEIRO
333,16/06/2025,000001,881,BOBBIE GOODS DIVERSOS,"1,00","35,00",CARTÃO CRÉDITO
334,16/06/2025,000001,835,SQUISHY PERSONAGENS,"1,00","16,00",CARTÃO CRÉDITO
335,16/06/2025,000001,419,CANETAS PROMOÇÃO,"1,00","2,99",CARTÃO CRÉDITO
336,16/06/2025,000001,158,CANETA 12 CORES CAPIVARA,"1,00","14,99",CARTÃO CRÉDITO
337,16/06/2025,000001,881,BOBBIE GOODS DIVERSOS,"1,00","35,00",DINHEIRO
338,16/06/2025,000001,334,CORRETIVO COLOR LORE PROMOÇÃO,"1,00","4,99",DINHEIRO
339,17/06/2025,000001,364,ESCOVA CABELO POLVO,"1,00","5,00",DINHEIRO
340,17/06/2025,000001,533,BICO PATO LAÇO C/STRASS INDIVUDUAL,"1,00","15,00",DINHEIRO
341,17/06/2025,000001,10,CADERNO ESPIRAL STITCH PEQ 80 FOLHAS,"1,00","25,00",DINHEIRO
342,17/06/2025,000001,945,MOCHILA PASSEIO STITCH,"1,00","60,00",DINHEIRO
343,17/06/2025,000001,902,BATOM 5D LIPSTICK MISS ROYAL,"1,00","12,00",DINHEIRO
344,17/06/2025,000001,269,CADERNO ESPIRAL SPIDER-MAN PEQ,"1,00","50,00",DINHEIRO
345,17/06/2025,000001,556,XUXINHA INDIVIDUAL,"1,00","5,00",DINHEIRO
346,17/06/2025,000001,328,PO COMPACTO MATTE À PROVA D'AGUA MAX LOVE,"1,00","10,00",DINHEIRO
347,17/06/2025,000001,909,PALETA DE SOMBRA BOBBI RARA,"1,00","20,00",DINHEIRO
348,17/06/2025,000001,880,PROMOÇÃO CHOKER COLAR/BRINCO BIJOUX,"1,00","10,00",não checado
349,17/06/2025,000001,923,LAÇO INFANTIL JUNINO,"1,00","19,99",não checado
350,17/06/2025,000001,941,LAÇO COM APLIQUE PERSONAGEM GRANDE,"1,00","15,00",PIX
351,17/06/2025,000001,660,DIAMAOND STITCH PINTURA,"1,00","23,00",CARTÃO DÉBITO
352,17/06/2025,000001,102,MARCA TEXTO C/6 HELLO KITTY,"1,00","25,00",CARTÃO DÉBITO
353,17/06/2025,000001,739,DIARIO FOFY C/CADEADO 50 FOLHAS,"1,00","26,00",CARTÃO DÉBITO
354,17/06/2025,000001,858,CANETA SIMPLES,"1,00","5,99",CARTÃO DÉBITO
355,17/06/2025,000001,858,CANETA SIMPLES,"1,00","5,99",CARTÃO DÉBITO
356,17/06/2025,000001,235,SACOLA DE PAPEL P/ PRESENTE COM ALÇA PEQ,"1,00","7,00",CARTÃO DÉBITO
357,17/06/2025,000001,923,LAÇO INFANTIL JUNINO,"2,00","19,99",CARTÃO DÉBITO
358,17/06/2025,000001,492,TUBO LIGA DE SILICONE,"1,00","5,99",CARTÃO DÉBITO
359,18/06/2025,000001,190,KIT PINTURA FOFY PLAY FUTEBOL 27 PCS,"1,00","40,00",DINHEIRO
360,18/06/2025,000001,69,ESTOJO DUPLO COM APONTADOR STITCH,"1,00","30,00",DINHEIRO
361,18/06/2025,000001,46,LAPIS GRAFITE HB STITCH UND,"1,00","3,00",DINHEIRO
362,18/06/2025,000001,614,COLAR FOLHEADO PRATA,"1,00","40,00",DINHEIRO
363,18/06/2025,000001,849,PELUCIA CAPIVARA MED 20CM,"1,00","50,00",DINHEIRO
364,18/06/2025,000001,154,REGUA CAPIVARA COM GLITER,"1,00","16,00",DINHEIRO
365,18/06/2025,000001,164,PASTA CLASSIFICADORA/PLASTICA CAPIVARA,"1,00","10,00",DINHEIRO
366,18/06/2025,000001,152,TESOURA CAPIVARA,"1,00","18,00",PIX
367,18/06/2025,000001,147,FITA CORRETIVA CAPIVARA,"1,00","26,00",PIX
368,18/06/2025,000001,957,PELUCIA CAPIVARA PEQUENA 12CM,"1,00","23,99",PIX
369,18/06/2025,000001,370,BASE MATE LOVE RAIN,"1,00","15,00",CARTÃO CRÉDITO
370,18/06/2025,000001,694,KIT ÓCULOS/PRESILHA/LAÇO INFANTIL,"1,00","19,99",PIX
371,18/06/2025,000001,41,BOBBIE GOODS CAPIVARA,"1,00","50,00",PIX
372,18/06/2025,000001,516,BICO PATO METAL C/4,"1,00","17,00",PIX
373,18/06/2025,000001,406,LENCO QUADRADO DE CETIM PEQUENO,"1,00","10,00",PIX
374,18/06/2025,000001,903,LIP GLOSS MATTE MISS ROYAL,"1,00","10,00",CARTÃO DÉBITO
375,18/06/2025,000001,880,PROMOÇÃO CHOKER COLAR/BRINCO BIJOUX,"1,00","10,00",CARTÃO DÉBITO
376,18/06/2025,000001,786,CANETA C/POMPOM CORAÇÃO STITCH,"1,00","16,00",PIX
377,18/06/2025,000001,503,KIT COLAR COM PULSEIRAS MIÇANGAS INFANTIL,"1,00","10,00",PIX
378,18/06/2025,000001,686,EMBALAGEM SACO,"1,00","2,00",PIX
379,18/06/2025,000001,399,LAÇO CREPE,"1,00","13,00",PIX DIRETO
380,18/06/2025,000001,502,PULSEIRA BERLOQUE INFANTIL,"1,00","10,00",PIX DIRETO
381,18/06/2025,000001,571,BOLSA TRANSVESAL,"1,00","40,00",PIX DIRETO
382,18/06/2025,000001,686,EMBALAGEM SACO,"1,00","2,00",PIX DIRETO
383,18/06/2025,000001,604,COLAR BIJOUX,"1,00","40,00",CARTÃO CRÉDITO
384,18/06/2025,000001,625,PULSEIRA BIJOUX,"1,00","25,00",CARTÃO CRÉDITO
385,19/06/2025,000001,782,PINTURA DIAMANTE PERSONANGENS,"1,00","20,00",CARTÃO DÉBITO
386,19/06/2025,000001,394,TOUCA CETIM,"2,00","5,00",PIX
387,19/06/2025,000001,760,CORRETIVO LUA E NEVE,"1,00","9,99",CARTÃO DÉBITO
388,19/06/2025,000001,880,PROMOÇÃO CHOKER COLAR/BRINCO BIJOUX,"1,00","10,00",CARTÃO DÉBITO
389,20/06/2025,000001,974,COLAR BIJOUX PROMOÇÃO,"1,00","13,00",CARTÃO CRÉDITO
390,20/06/2025,000001,721,BRINCO FOLHEADO DOURADO,"1,00","11,99",CARTÃO CRÉDITO
391,20/06/2025,000001,521,BICO PATO METAL C/2,"1,00","13,00",não checado
392,20/06/2025,000001,528,BICO PATO PRETO E TIC TAC METAL KIT C/5,"1,00","16,00",não checado
393,20/06/2025,000001,560,TIARA ADULTO,"1,00","9,99",não checado
394,20/06/2025,000001,944,BOLSA INFANTILMOCHILA TAM.M,"1,00","50,00",CARTÃO DÉBITO
395,20/06/2025,000001,370,BASE MATE LOVE RAIN,"1,00","15,00",CARTÃO DÉBITO
396,20/06/2025,000001,686,EMBALAGEM SACO,"1,00","2,00",CARTÃO DÉBITO
397,20/06/2025,000001,229,KIT CARREGADOR,"1,00","20,00",CARTÃO DÉBITO
398,21/06/2025,000001,919,CINTO BOHO CHIQUE,"1,00","50,00",PIX
399,21/06/2025,000001,898,LIP GLOSS STITCH SPINE,"1,00","15,00",PIX
400,21/06/2025,000001,373,GLOSS 3D FEBELLA,"1,00","14,99",PIX
401,21/06/2025,000001,369,BLUSH BASTAO LOVE RAIN,"1,00","15,00",PIX
402,21/06/2025,000001,309,LAPIS DELENIADOR OLHO RUBY ROSE,"1,00","7,00",PIX
403,21/06/2025,000001,923,LAÇO INFANTIL JUNINO,"1,00","19,99",PIX
404,21/06/2025,000001,603,CONJ PIJAMA BLUSA MANGA E SHORT FEMININO,"1,00","44,99",PIX
405,21/06/2025,000001,836,CONJ PIJAMA INFANTIL GG MANGA COMPRIDA E CALÇA,"1,00","54,99",PIX
406,21/06/2025,000001,233,SACOLA DE PAPEL P/ PRESENTE BOCA PALHAÇO MED,"1,00","12,00",PIX
407,21/06/2025,000001,743,UNHA POSTICA EM GEL AMENDOADA SABRINA SATO,"1,00","11,00",DINHEIRO
408,21/06/2025,000001,735,COLA PARA UNHA POSTIÇA,"1,00","7,99",DINHEIRO
409,21/06/2025,000001,286,BATOM MATTE LIPSTICK T E G,"1,00","7,99",DINHEIRO
410,21/06/2025,000001,176,KIT TOUCH 24 PCS PONTA DUPLA,"1,00","75,00",DINHEIRO
411,21/06/2025,000001,953,BOBBIE GOODS CAPIVARA GRANDE,"1,00","29,99",DINHEIRO
412,21/06/2025,000001,603,CONJ PIJAMA BLUSA MANGA E SHORT FEMININO,"1,00","44,99",PIX DIRETO
413,21/06/2025,000001,71,SANDALIA HAV. C/ BRILHO STITCH,"1,00","39,99",PIX DIRETO
414,21/06/2025,000001,25,CANETA 4 CORES C/ LANTERNA STITCH,"1,00","14,99",PIX DIRETO
415,21/06/2025,000001,18,GLOSS STITCH,"1,00","17,99",PIX DIRETO
416,21/06/2025,000001,166,CARIMBO DIVERTIDO KAZ,"3,00","2,99",PIX
417,21/06/2025,000001,25,CANETA 4 CORES C/ LANTERNA STITCH,"1,00","14,99",PIX
418,21/06/2025,000001,805,BORRACHA RETRATIL STITCH,"1,00","11,99",PIX
419,21/06/2025,000001,29,CANETA C/ CABECA E GLITTER STITCH,"1,00","16,99",PIX
420,21/06/2025,000001,762,CUBO MAGICO STITCH,"1,00","19,99",PIX
421,21/06/2025,000001,150,BORRACHA RETRATIL CAPIVARA,"1,00","10,00",PIX
422,21/06/2025,000001,17,APONTADOR STITCH,"1,00","16,99",PIX
423,21/06/2025,000001,794,MASCARA DE DORMIR TAPA OLHO STITCH,"1,00","11,99",PIX
424,21/06/2025,000001,58,MARCA TEXTO C/6 UND STITCH,"1,00","29,99",PIX
425,21/06/2025,000001,680,SQUISHY STITCH,"1,00","22,00",PIX
426,21/06/2025,000001,136,LAPIS DE COR BIG C/APONTADOR  LEO&LEO COM 12,"1,00","19,99",PIX
427,21/06/2025,000001,881,BOBBIE GOODS DIVERSOS,"1,00","35,00",PIX
428,21/06/2025,000001,751,OVO STITCH,"1,00","12,99",PIX
429,21/06/2025,000001,835,SQUISHY PERSONAGENS,"1,00","16,00",PIX
430,21/06/2025,000001,443,CHAVEIRO GRANDES DIVERSOS,"1,00","16,00",PIX
431,21/06/2025,000001,549,PRESILHAS INDIVIDUAL,"1,00","9,99",PIX
432,21/06/2025,000001,836,CONJ PIJAMA INFANTIL GG MANGA COMPRIDA E CALÇA,"1,00","54,99",PIX DIRETO
433,21/06/2025,000001,965,CONJ PIJAMA INFANTIL MANGA COMPRIDA E CALÇA M,"1,00","50,00",PIX DIRETO
434,21/06/2025,000001,871,CONJ PIJAMA INFANTIL MANGA COMPRIDA E CALÇA P,"1,00","45,00",PIX DIRETO
435,21/06/2025,000001,488,BICO PATO C/2 INFANTIL,"1,00","6,99",PIX DIRETO
436,21/06/2025,000001,882,MOCHILA PASSEIO CAPIVARA MED.INFANTIL,"1,00","69,99",CARTÃO CRÉDITO
437,21/06/2025,000001,874,SACO PRESENTE TAM.G1,"1,00","2,99",CARTÃO CRÉDITO
438,21/06/2025,000001,607,COLAR BIJOUX,"1,00","14,99",CARTÃO CRÉDITO
439,21/06/2025,000001,224,SACO PRESENTE TAM. 15X29CM,"2,00","1,50",CARTÃO CRÉDITO
440,21/06/2025,000001,762,CUBO MAGICO STITCH,"1,00","19,99",CARTÃO CRÉDITO
441,21/06/2025,000001,456,LAÇO INFANTIL INDIVIDUAL,"1,00","10,00",CARTÃO CRÉDITO
442,23/06/2025,000001,923,LAÇO INFANTIL JUNINO,"1,00","19,99",BANESE
443,23/06/2025,000001,925,LAÇO INFANTIL JUNINO,"1,00","15,00",BANESE
444,23/06/2025,000001,491,LIGA DE SILICONE,"1,00","5,00",DINHEIRO
445,23/06/2025,000001,924,LAÇO INFANTIL JUNINO,"1,00","10,00",DINHEIRO
446,23/06/2025,000001,311,LAPIS DE OLHO MIA MAKE,"1,00","4,99",DINHEIRO
447,23/06/2025,000001,334,CORRETIVO COLOR LORE PROMOÇÃO,"1,00","4,99",DINHEIRO
448,23/06/2025,000001,285,BATOM MATTE BELLE ANGEL (PROMOÇÃO),"1,00","5,00",DINHEIRO
449,23/06/2025,000001,743,UNHA POSTICA EM GEL AMENDOADA SABRINA SATO,"1,00","11,00",CARTÃO DÉBITO
450,23/06/2025,000001,327,SOMBRA COLOR-ME,"1,00","2,00",DINHEIRO
451,23/06/2025,000001,835,SQUISHY PERSONAGENS,"1,00","16,00",DINHEIRO
452,23/06/2025,000001,311,LAPIS DE OLHO MIA MAKE,"1,00","4,99",não checado
453,23/06/2025,000001,923,LAÇO INFANTIL JUNINO,"1,00","19,99",DINHEIRO
454,23/06/2025,000001,364,ESCOVA CABELO POLVO,"1,00","5,00",DINHEIRO
455,23/06/2025,000001,334,CORRETIVO COLOR LORE PROMOÇÃO,"1,00","4,99",DINHEIRO
456,23/06/2025,000001,834,FRASCOS VIAGEM KIT,"1,00","19,99",CARTÃO DÉBITO
457,23/06/2025,000001,546,PIRANHA MÉDIA,"1,00","10,00",CARTÃO DÉBITO
458,23/06/2025,000001,752,LIP GLOSS STITCH MOC MALLURE,"1,00","17,99",CARTÃO DÉBITO
459,23/06/2025,000001,380,BALM HIDRATANTE LABIAL CACTO E SMILESS,"1,00","4,99",CARTÃO DÉBITO
460,23/06/2025,000001,858,CANETA SIMPLES,"1,00","5,99",CARTÃO DÉBITO
461,23/06/2025,000001,492,TUBO LIGA DE SILICONE,"1,00","5,99",CARTÃO DÉBITO
462,23/06/2025,000001,400,LAÇO COURO FAKE,"1,00","12,99",CARTÃO DÉBITO
463,23/06/2025,000001,328,PO COMPACTO MATTE À PROVA D'AGUA MAX LOVE,"1,00","10,00",CARTÃO DÉBITO
464,23/06/2025,000001,281,GLOSS MISS ROSE (PROMOÇÃO),"1,00","6,00",DINHEIRO
465,23/06/2025,000001,347,ESPONJA MAQUIAGEM INDIVIDUAL,"1,00","6,00",DINHEIRO
466,23/06/2025,000001,365,KIT ESPONJA C/2,"1,00","7,99",DINHEIRO
467,23/06/2025,000001,476,TIARA DE MEIA  INDIVIDUAL BEBÊ,"1,00","12,99",CARTÃO DÉBITO
468,23/06/2025,000001,936,LAÇO VELCRO C/2 BEBÊ,"3,00","3,99",CARTÃO DÉBITO
469,23/06/2025,000001,463,KIT LAÇO INFANTIL PEQ C/ 2 UND,"1,00","8,00",PIX
470,23/06/2025,000001,491,LIGA DE SILICONE,"1,00","5,00",PIX
471,23/06/2025,000001,966,CONJ PIJAMA INFANTIL MANGA COMPRIDA E CALÇA G,"2,00","49,99",CARTÃO DÉBITO
472,23/06/2025,000001,414,CUECAS KIT COM 3 UNIDADES,"1,00","54,99",CARTÃO DÉBITO
473,23/06/2025,000001,898,LIP GLOSS STITCH SPINE,"1,00","15,00",CARTÃO DÉBITO
474,23/06/2025,000001,925,LAÇO INFANTIL JUNINO,"1,00","15,00",PIX
475,23/06/2025,000001,489,LIGA DE SILICONE,"1,00","1,99",PIX
476,25/06/2025,000010,942,BRINCO EARCUFF FOLHEADO,"1,00","14,99",PIX
477,25/06/2025,000010,608,COLAR BIJOUX,"1,00","11,99",PIX
478,25/06/2025,000010,721,BRINCO FOLHEADO DOURADO,"1,00","11,99",PIX
479,25/06/2025,000001,958,CAPIVARA PULSEIRA PELUCIA PEQUENA,"1,00","39,99",CARNÊ
480,26/06/2025,000001,925,LAÇO INFANTIL JUNINO,"1,00","15,00",CARTÃO CRÉDITO
481,26/06/2025,000001,311,LAPIS DE OLHO MIA MAKE,"1,00","4,99",CARTÃO CRÉDITO
482,26/06/2025,000001,525,BICO PATO METAL C/4,"1,00","13,00",CARTÃO CRÉDITO
483,26/06/2025,000001,968,CONJ PIJAMA ADULTO STITCH DE MANGAS E CALÇA COMPRIDA,"1,00","75,00",DINHEIRO
484,26/06/2025,000001,601,PIJAMA ADULTO CAMISOLA SUEDE PREMIO,"1,00","35,00",DINHEIRO
485,26/06/2025,000001,566,PRESILHA LAÇO E RENDINHA CABELO,"1,00","10,00",PIX
486,26/06/2025,000001,825,MOCHILA PELÚCIA CAPIVARA,"1,00","99,99",CARTÃO CRÉDITO
487,26/06/2025,000001,686,EMBALAGEM SACO,"1,00","2,00",CARTÃO CRÉDITO
488,26/06/2025,000001,881,BOBBIE GOODS DIVERSOS,"1,00","35,00",PIX
489,26/06/2025,000001,52,SANDALIA GRANDENE STITCH INF,"1,00","100,00",DINHEIRO
490,26/06/2025,000001,256,SACOLA DE PAPEL P/ PRESENTE COM ALÇA GRANDE,"1,00","5,00",DINHEIRO
491,26/06/2025,000001,621,CONJ.CHOKER COLAR/BRINCO BIJOUX,"1,00","35,00",PIX
492,26/06/2025,000001,807,KIT MANICURE C/5 PEÇAS,"1,00","15,00",PIX
493,27/06/2025,000001,416,CANETA LUXO C/ PONTEIRA,"1,00","10,00",DINHEIRO
494,27/06/2025,000001,799,KIT XUXINHA SIMPLES MEDIA INFANTIL C/6,"1,00","4,00",DINHEIRO
495,27/06/2025,000001,413,PORTA DOCUMENTO,"1,00","20,00",DINHEIRO
496,27/06/2025,000001,204,LAPIS POLY 0.7 PONTEIRA PERSONAGENS,"1,00","7,00",DINHEIRO
497,27/06/2025,000001,484,KIT XUXINHA SIMPLES FINA INFANTIL C/6,"2,00","2,99",PIX
498,27/06/2025,000001,491,LIGA DE SILICONE,"1,00","5,00",PIX
499,27/06/2025,000001,786,CANETA C/POMPOM CORAÇÃO STITCH,"2,00","16,00",PIX
500,27/06/2025,000001,826,COLAR CORDÃO AMIZADE C/2,"1,00","8,00",PIX
501,27/06/2025,000001,739,DIARIO FOFY C/CADEADO 50 FOLHAS,"1,00","26,00",PIX
502,27/06/2025,000001,335,MASCARA CILIOS MAX LOVE,"1,00","9,99",PIX
503,27/06/2025,000001,686,EMBALAGEM SACO,"1,00","2,00",PIX
504,27/06/2025,000001,387,CINTO FINO FIVELA METAL COURO FAKE,"1,00","20,00",DINHEIRO
505,27/06/2025,000001,560,TIARA ADULTO,"1,00","9,99",DINHEIRO
506,27/06/2025,000001,560,TIARA ADULTO,"1,00","9,99",DINHEIRO
507,27/06/2025,000001,536,MINI PIRANHA COM 6,"1,00","8,00",DINHEIRO
508,27/06/2025,000001,310,LAPIS DELENIADOR OLHO RETRATIL RUBY ROSE,"1,00","11,99",DINHEIRO
509,27/06/2025,000001,496,TIARA C/ LAÇO INFANTIL,"1,00","12,00",DINHEIRO
510,27/06/2025,000001,496,TIARA C/ LAÇO INFANTIL,"1,00","12,00",DINHEIRO
511,27/06/2025,000001,958,CAPIVARA PULSEIRA PELUCIA PEQUENA,"1,00","39,99",PIX
512,27/06/2025,000001,986,PLANNER SEMANAL CAPIVARA,"1,00","33,00",PIX
513,27/06/2025,000001,159,CANETA CAPIVARA COM PONTEIRA SIMPLES,"1,00","10,00",PIX
514,27/06/2025,000001,686,EMBALAGEM SACO,"1,00","2,00",PIX
515,27/06/2025,000001,472,TIC TAC KIT C/6,"1,00","12,00",CARTÃO DÉBITO
516,27/06/2025,000001,998,BOBBIE GOODS DIVERSOS TEMAS,"1,00","35,00",DINHEIRO
517,28/06/2025,000001,881,BOBBIE GOODS DIVERSOS,"1,00","35,00",PIX DIRETO
518,28/06/2025,000001,491,LIGA DE SILICONE,"1,00","5,00",PIX DIRETO
519,28/06/2025,000001,225,SACO PRESENTE TAM.20X29CM,"1,00","1,99",PIX DIRETO
520,28/06/2025,000001,368,KIT MAQUIAGEM  INFANTIL,"1,00","30,00",PIX
521,28/06/2025,000001,224,SACO PRESENTE TAM. 15X29CM,"1,00","1,50",PIX
522,28/06/2025,000001,919,CINTO BOHO CHIQUE,"1,00","50,00",CARTÃO CRÉDITO
523,28/06/2025,000001,877,PIRANHA PROMOÇÃO,"1,00","10,00",PIX DIRETO
524,28/06/2025,000001,491,LIGA DE SILICONE,"1,00","5,00",PIX DIRETO
525,28/06/2025,000001,919,CINTO BOHO CHIQUE,"1,00","50,00",DINHEIRO
526,28/06/2025,000001,637,BRACELETE BIJOUX,"1,00","19,99",DINHEIRO
527,30/06/2025,000001,505,COLAR CORDÃO AMIZADE C/3,"1,00","9,99",CARTÃO CRÉDITO
528,30/06/2025,000001,116,CANETINHA HIDROGRAFICA KAZC/12,"1,00","10,00",CARTÃO CRÉDITO
529,30/06/2025,000001,998,BOBBIE GOODS DIVERSOS TEMAS,"1,00","35,00",CARTÃO CRÉDITO
530,30/06/2025,000001,176,KIT TOUCH 24 PCS PONTA DUPLA,"1,00","75,00",CARTÃO CRÉDITO
531,30/06/2025,000001,881,BOBBIE GOODS DIVERSOS,"1,00","35,00",CARTÃO DÉBITO
532,01/07/2025,000001,998,BOBBIE GOODS DIVERSOS TEMAS,"1,00","35,00",CARTÃO CRÉDITO
533,01/07/2025,000001,176,KIT TOUCH 24 PCS PONTA DUPLA,"1,00","75,00",CARTÃO CRÉDITO
534,01/07/2025,000001,332,PINCEL MAQUIAGEM,"1,00","10,00",PIX
535,01/07/2025,000001,304,LIP TINT BELLE ANGEL (PROMOÇÃO),"1,00","5,00",PIX
536,01/07/2025,000001,930,SOMBRINHA INFANTIL,"1,00","25,99",PIX
537,01/07/2025,000001,678,FONE SEM FIO REDMI COM VISOR,"1,00","34,99",não checado
538,01/07/2025,000001,457,LAÇO INFANTIL INDIVIDUAL,"1,00","13,00",PIX DIRETO
539,01/07/2025,000001,256,SACOLA DE PAPEL P/ PRESENTE COM ALÇA GRANDE,"1,00","5,00",PIX DIRETO
540,01/07/2025,000001,500,PULSEIRA CORDÃO AJUSTAVEL,"1,00","4,99",PIX DIRETO
541,01/07/2025,000001,176,KIT TOUCH 24 PCS PONTA DUPLA,"1,00","75,00",CARTÃO DÉBITO
542,01/07/2025,000001,998,BOBBIE GOODS DIVERSOS TEMAS,"2,00","35,00",CARTÃO DÉBITO
543,01/07/2025,000001,835,SQUISHY PERSONAGENS,"1,00","16,00",CARTÃO DÉBITO
544,02/07/2025,000001,1003,KIT TIC TAC ADULTO C/2,"1,00","4,00",DINHEIRO
545,02/07/2025,000001,397,FAIXA TUMBANTE  ELASTICA DE CABELO,"2,00","10,00",DINHEIRO
546,02/07/2025,000001,396,FAIXA DE CABELO ELASTICA P/ESPORTE INDIVIDUAL,"2,00","2,99",DINHEIRO
547,02/07/2025,000001,799,KIT XUXINHA SIMPLES MEDIA INFANTIL C/6,"3,00","4,00",PIX
548,02/07/2025,000001,176,KIT TOUCH 24 PCS PONTA DUPLA,"1,00","75,00",DINHEIRO
549,02/07/2025,000001,392,LENCO QUADRADO DE CETIM GRANDE,"1,00","20,00",PIX
550,02/07/2025,000001,235,SACOLA DE PAPEL P/ PRESENTE COM ALÇA PEQ,"1,00","7,00",PIX
551,02/07/2025,000001,235,SACOLA DE PAPEL P/ PRESENTE COM ALÇA PEQ,"2,00","7,00",PIX
552,03/07/2025,000001,929,SOMBRINHA NORMAL,"1,00","25,00",PIX
553,03/07/2025,000001,176,KIT TOUCH 24 PCS PONTA DUPLA,"1,00","75,00",PIX
554,03/07/2025,000001,396,FAIXA DE CABELO ELASTICA P/ESPORTE INDIVIDUAL,"1,00","2,99",PIX DIRETO
555,03/07/2025,000001,801,KIT XUXINHA SIMPLES GRANDE C/6,"1,00","4,99",PIX DIRETO
556,03/07/2025,000001,661,FAIXA ELASTICA DE CABELO C/DETALHE,"1,00","6,00",PIX DIRETO
557,04/07/2025,000001,991,CARTELA DE ADESIVOS LABUBU,"1,00","6,99",PIX
558,04/07/2025,000001,858,CANETA SIMPLES,"1,00","5,99",PIX
559,04/07/2025,000001,327,SOMBRA COLOR-ME,"1,00","2,00",PIX
560,04/07/2025,000001,563,BICO PATO INFANTIL PROMOÇÃO,"1,00","5,00",PIX
561,04/07/2025,000001,563,BICO PATO INFANTIL PROMOÇÃO,"1,00","5,00",PIX
562,04/07/2025,000001,563,BICO PATO INFANTIL PROMOÇÃO,"1,00","5,00",PIX
563,04/07/2025,000001,563,BICO PATO INFANTIL PROMOÇÃO,"1,00","5,00",PIX
564,04/07/2025,000001,455,LAÇO INFANTIL INDIVIDUAL (PROMOÇÃO),"2,00","7,99",PIX
565,04/07/2025,000001,881,BOBBIE GOODS DIVERSOS,"1,00","35,00",CARTÃO DÉBITO
566,04/07/2025,000001,160,CANETA CAPIVARA FLEXIVEL,"1,00","10,00",CARTÃO DÉBITO
567,04/07/2025,000001,482,XUXINHA COM POMPOM C/ 2 INFANTIL,"1,00","6,00",CARTÃO DÉBITO
568,04/07/2025,000001,975,LAÇO INFANTIL COM 2,"1,00","13,00",CARTÃO DÉBITO
569,04/07/2025,000001,491,LIGA DE SILICONE,"1,00","5,00",CARTÃO DÉBITO
570,04/07/2025,000001,909,PALETA DE SOMBRA BOBBI RARA,"1,00","20,00",PIX
571,04/07/2025,000001,901,MASCARA PARA CILIOS A PROVA D'AGUA FEBELLA,"1,00","10,00",PIX
572,04/07/2025,000001,309,LAPIS DELENIADOR OLHO RUBY ROSE,"1,00","7,00",PIX
573,04/07/2025,000001,667,KIT BICO PATO INFANTIL FLORES C/ 2 UND,"1,00","9,00",CARTÃO CRÉDITO
574,04/07/2025,000001,335,MASCARA CILIOS MAX LOVE,"1,00","9,99",CARTÃO CRÉDITO
575,05/07/2025,000001,669,KIT TOUCH 48 PCS PONTA DUPLA,"1,00","142,99",PIX
576,05/07/2025,000001,881,BOBBIE GOODS DIVERSOS,"1,00","35,00",PIX
577,05/07/2025,000001,710,TAXA ENTREGA,"1,00","7,00",PIX
578,05/07/2025,000001,457,LAÇO INFANTIL INDIVIDUAL,"1,00","13,00",PIX DIRETO
579,05/07/2025,000001,694,KIT ÓCULOS/PRESILHA/LAÇO INFANTIL,"1,00","19,99",PIX DIRETO
580,05/07/2025,000001,871,CONJ PIJAMA INFANTIL MANGA COMPRIDA E CALÇA P,"1,00","45,00",PIX DIRETO
581,05/07/2025,000001,598,PIJAMA INFANTI ALCINHA E SHORT CURTO,"1,00","30,00",PIX DIRETO
582,05/07/2025,000017,598,PIJAMA INFANTI ALCINHA E SHORT CURTO,"1,00","30,00",CARTÃO DÉBITO
583,05/07/2025,000017,225,SACO PRESENTE TAM.20X29CM,"1,00","1,99",CARTÃO DÉBITO
584,05/07/2025,000001,760,CORRETIVO LUA E NEVE,"1,00","9,99",CARTÃO DÉBITO
585,05/07/2025,000001,370,BASE MATE LOVE RAIN,"1,00","15,00",CARTÃO DÉBITO
586,05/07/2025,000001,306,GLOSS LIP VOLUMOSO MAX LOVE,"1,00","10,00",CARTÃO DÉBITO
587,05/07/2025,000001,914,BATOM MATTE LIQUIDO SARAH'S BEAUTY,"1,00","9,99",CARTÃO DÉBITO
588,07/07/2025,000001,602,CONJ PIJAMA INFANTIL BEBÊ MANGA COMPRIDA E CURTA,"1,00","38,00",PIX
589,07/07/2025,000001,978,"KIT INFANTIL BICO PATO, PIRANHA E XUXINHA PEQ C/4 UND","2,00","9,00",PIX
590,07/07/2025,000001,504,CONJ.COLAR/PULSEIRA MIÇANGA PINGENTE PERSONAGENS INFANTIL,"1,00","20,00",PIX
591,07/07/2025,000001,686,EMBALAGEM SACO,"1,00","2,00",PIX
592,07/07/2025,000001,491,LIGA DE SILICONE,"1,00","5,00",PIX
593,07/07/2025,000001,259,CADERNO CALIGRAFIA 40 FOLHAS TILIBRA,"2,00","6,00",PIX
594,07/07/2025,000001,112,LAPIS DE COR KAZ COM 12,"1,00","8,00",PIX
595,07/07/2025,000001,563,BICO PATO INFANTIL PROMOÇÃO,"1,00","5,00",CARTÃO DÉBITO
596,07/07/2025,000001,881,BOBBIE GOODS DIVERSOS,"1,00","35,00",PIX
597,07/07/2025,000001,116,CANETINHA HIDROGRAFICA KAZC/12,"1,00","10,00",PIX
598,07/07/2025,000001,369,BLUSH BASTAO LOVE RAIN,"1,00","15,00",DINHEIRO
599,07/07/2025,000001,572,BOLSA TRANSVERSAL BOBO,"1,00","120,00",CARTÃO DÉBITO
600,07/07/2025,000001,933,CANETA BRANCA DE GIZ LIQUIDO,"1,00","8,00",DINHEIRO
601,08/07/2025,000001,206,BOLSA PELUCIA STITCH,"1,00","89,99",DINHEIRO
602,08/07/2025,000001,874,SACO PRESENTE TAM.G1,"1,00","2,99",DINHEIRO
603,08/07/2025,000001,379,BRILHO LABIAL MORANGUINHO,"1,00","3,99",DINHEIRO
604,08/07/2025,000001,441,CHAVEIROS DIVERSOS MEDIOS,"1,00","13,00",DINHEIRO
605,08/07/2025,000001,484,KIT XUXINHA SIMPLES FINA INFANTIL C/6,"1,00","2,99",PIX
606,08/07/2025,000001,801,KIT XUXINHA SIMPLES GRANDE C/6,"1,00","4,99",PIX
607,08/07/2025,000001,2,CANETA SIMPLES C/ PONTEIRA PERSONAGENS,"1,00","6,00",PIX
608,08/07/2025,000001,748,KIT TIC TAC LAÇO FITILHO C/2,"1,00","7,99",PIX
609,08/07/2025,000001,310,LAPIS DELENIADOR OLHO RETRATIL RUBY ROSE,"1,00","11,99",PIX
610,08/07/2025,000001,858,CANETA SIMPLES,"1,00","5,99",PIX
611,08/07/2025,000001,858,CANETA SIMPLES,"1,00","5,99",PIX
612,08/07/2025,000001,334,CORRETIVO COLOR LORE PROMOÇÃO,"1,00","4,99",PIX
613,08/07/2025,000001,860,BOBBIE GOODS MINI,"1,00","26,99",CARTÃO CRÉDITO
614,08/07/2025,000001,669,KIT TOUCH 48 PCS PONTA DUPLA,"1,00","142,99",CARTÃO CRÉDITO
615,08/07/2025,000001,819,XUXINHA DE MEIA,"1,00","4,99",PIX DIRETO
616,09/07/2025,000001,753,LIP OIL STITCH SWETT,"1,00","10,00",PIX
617,10/07/2025,000001,443,CHAVEIRO GRANDES DIVERSOS,"2,00","16,00",PIX
618,10/07/2025,000001,960,CHAVEIRO CAPIVARA GRANDE,"1,00","15,99",PIX
619,10/07/2025,000001,933,CANETA BRANCA DE GIZ LIQUIDO,"4,00","8,00",PIX
620,10/07/2025,000001,754,MODELADOR DE CACHOS CETIM,"1,00","13,00",PIX
621,11/07/2025,000001,717,BRINCO FOLHEADO DOURADO,"1,00","10,00",PIX
622,11/07/2025,000001,441,CHAVEIROS DIVERSOS MEDIOS,"1,00","13,00",PIX
623,11/07/2025,000001,351,NIPPLE COVER C/5 (TAPA MAMILOS),"2,00","8,00",não checado
624,11/07/2025,000001,621,CONJ.CHOKER COLAR/BRINCO BIJOUX,"1,00","35,00",CARTÃO DÉBITO
625,11/07/2025,000001,638,BRACELETE BIJOUX,"1,00","25,00",CARTÃO DÉBITO
626,11/07/2025,000001,745,CHAVEIRO LETRAS,"1,00","7,00",CARTÃO DÉBITO
627,11/07/2025,000001,797,LIGA DE SILICONE BOLSINHA,"1,00","8,00",CARTÃO CRÉDITO
628,11/07/2025,000001,496,TIARA C/ LAÇO INFANTIL,"1,00","12,00",CARTÃO DÉBITO
629,11/07/2025,000001,479,TIARA DE MEIA KIT C/2  BEBÊ,"1,00","14,99",CARTÃO DÉBITO
630,12/07/2025,000001,600,CONJ PIJAMA ADULTO FEMININO ONDINHA,"1,00","29,99",PIX
631,12/07/2025,000001,504,CONJ.COLAR/PULSEIRA MIÇANGA PINGENTE PERSONAGENS INFANTIL,"1,00","20,00",PIX
632,12/07/2025,000001,491,LIGA DE SILICONE,"1,00","5,00",PIX
633,12/07/2025,000001,560,TIARA ADULTO,"1,00","9,99",PIX
634,12/07/2025,000001,393,TOUCA CETIM COM REGULADOR,"1,00","11,99",PIX
635,12/07/2025,000001,491,LIGA DE SILICONE,"1,00","5,00",CARTÃO DÉBITO
636,12/07/2025,000001,182,BORRACHA CORACAO KAZ,"1,00","7,99",CARTÃO DÉBITO
637,12/07/2025,000001,315,LAPIS SOBRANCELHA SAFIRA,"1,00","4,99",CARTÃO DÉBITO
638,12/07/2025,000001,193,LAPIS GRAFITE HB FABER CASTELL UND,"1,00","1,99",CARTÃO DÉBITO
639,12/07/2025,000001,193,LAPIS GRAFITE HB FABER CASTELL UND,"1,00","1,99",CARTÃO DÉBITO
640,12/07/2025,000001,365,KIT ESPONJA C/2,"1,00","7,99",CARTÃO DÉBITO
641,12/07/2025,000001,23,LAPIS PONTEIRA DE BORRACHA,"1,00","5,99",CARTÃO DÉBITO
642,12/07/2025,000001,543,PIRANHA METAL PEQUENA,"1,00","9,99",CARTÃO DÉBITO
643,12/07/2025,000001,42,LEGO STITCH 640 PEÇAS,"1,00","34,99",CARTÃO CRÉDITO
644,12/07/2025,000001,377,BRILHO PRINCESA INFANTIL,"3,00","4,99",CARTÃO CRÉDITO
645,12/07/2025,000001,749,KIT TIC TAC ADULTO GRANDE COM STRASS C/2,"1,00","9,99",CARTÃO CRÉDITO
646,12/07/2025,000001,1047,CANETA 6 CORES PERSONAGENS,"1,00","14,99",PIX
647,12/07/2025,000001,886,KIT TOUCH 60 PCS PONTA DUPLA,"1,00","163,00",CARTÃO DÉBITO
648,12/07/2025,000001,998,BOBBIE GOODS DIVERSOS TEMAS,"1,00","35,00",CARTÃO DÉBITO
649,12/07/2025,000001,761,MASCARA PARA CILIOS INCOLOR,"1,00","10,00",CARTÃO CRÉDITO
650,12/07/2025,000001,227,GELELÉ SLIME,"1,00","14,99",CARTÃO DÉBITO
651,12/07/2025,000001,377,BRILHO PRINCESA INFANTIL,"1,00","4,99",CARTÃO DÉBITO
652,12/07/2025,000001,443,CHAVEIRO GRANDES DIVERSOS,"1,00","16,00",CARTÃO DÉBITO
653,12/07/2025,000001,978,"KIT INFANTIL BICO PATO, PIRANHA E XUXINHA PEQ C/4 UND","1,00","9,00",CARTÃO DÉBITO
654,12/07/2025,000001,223,SACO PRESENTE PP,"1,00","1,00",CARTÃO DÉBITO
655,12/07/2025,000001,306,GLOSS LIP VOLUMOSO MAX LOVE,"1,00","10,00",DINHEIRO
656,12/07/2025,000001,314,LAPIS BATOM UNI,"1,00","15,00",DINHEIRO
657,12/07/2025,000001,914,BATOM MATTE LIQUIDO SARAH'S BEAUTY,"1,00","9,99",DINHEIRO
658,12/07/2025,000001,373,GLOSS 3D FEBELLA,"1,00","14,99",DINHEIRO
659,12/07/2025,000001,504,CONJ.COLAR/PULSEIRA MIÇANGA PINGENTE PERSONAGENS INFANTIL,"1,00","20,00",CARTÃO DÉBITO
660,12/07/2025,000001,347,ESPONJA MAQUIAGEM INDIVIDUAL,"1,00","6,00",CARTÃO DÉBITO
661,12/07/2025,000001,254,PELUCIA DIVERTIDAMENTE,"1,00","34,99",CARTÃO DÉBITO
662,12/07/2025,000001,839,LAÇO BICO PATO C/2 UND STITCH,"1,00","13,00",CARTÃO DÉBITO
663,12/07/2025,000001,348,PORTA PERFUME,"1,00","7,99",CARTÃO DÉBITO
664,12/07/2025,000001,999,PIRANHA ACETATO PEQUENA,"1,00","10,99",CARTÃO DÉBITO
665,12/07/2025,000001,288,MASCARA FACIAL MAX LOVE SKINCARE,"3,00","1,99",CARTÃO CRÉDITO
666,12/07/2025,000001,756,MASCARA FACIAL STITCH,"2,00","10,00",CARTÃO CRÉDITO
667,12/07/2025,000001,500,PULSEIRA CORDÃO AJUSTAVEL,"2,00","4,99",CARTÃO CRÉDITO
668,12/07/2025,000001,756,MASCARA FACIAL STITCH,"1,00","10,00",PIX
669,12/07/2025,000001,13,COLA BASTAO COM CHEIRINHO/GLITTER KAZ,"1,00","5,00",PIX
670,12/07/2025,000001,36,BORRACHA STITCH SIMPLES,"1,00","6,00",PIX
671,12/07/2025,000001,22,LAPIS INFINITO C/ PONTEIRA STITCH,"1,00","9,00",PIX
672,12/07/2025,000001,479,TIARA DE MEIA KIT C/2  BEBÊ,"1,00","14,99",CARTÃO CRÉDITO
673,12/07/2025,000001,466,KIT LAÇO INFANTIL PEQ C/ 5 UND PROMOÇÃO,"1,00","14,00",CARTÃO CRÉDITO
674,12/07/2025,000001,419,CANETAS PROMOÇÃO,"2,00","2,99",PIX
675,12/07/2025,000001,205,CANETA APAGAVEL PERSONAGENS,"1,00","6,00",PIX
676,12/07/2025,000001,500,PULSEIRA CORDÃO AJUSTAVEL,"1,00","4,99",PIX
677,12/07/2025,000022,328,PO COMPACTO MATTE À PROVA D'AGUA MAX LOVE,"1,00","10,00",PIX
678,12/07/2025,000022,280,MOUSSE MICELAR BABABELL,"1,00","20,00",PIX
679,12/07/2025,000022,347,ESPONJA MAQUIAGEM INDIVIDUAL,"1,00","6,00",PIX
680,12/07/2025,000022,311,LAPIS DE OLHO MIA MAKE,"1,00","4,99",PIX
681,12/07/2025,000022,335,MASCARA CILIOS MAX LOVE,"1,00","9,99",PIX
682,12/07/2025,000022,481,KIT XUXINHA SIMPLES INFANTIL C/ APLIQUE C/2 UND,"1,00","3,99",PIX
683,12/07/2025,000022,726,BRINCO FOLHEADO DOURADO,"1,00","15,00",PIX
684,12/07/2025,000022,563,BICO PATO INFANTIL PROMOÇÃO,"1,00","5,00",PIX
685,12/07/2025,000022,481,KIT XUXINHA SIMPLES INFANTIL C/ APLIQUE C/2 UND,"2,00","3,99",PIX
686,12/07/2025,000001,314,LAPIS BATOM UNI,"1,00","15,00",CARNÊ
687,12/07/2025,000001,219,PORTA MOEDAS,"1,00","8,99",CARNÊ
688,12/07/2025,000001,447,CHAVEIRO TERÇO,"1,00","7,99",CARNÊ
689,12/07/2025,000001,764,CARTEIRA JUVENIL MARCAS,"1,00","24,99",CARNÊ
690,14/07/2025,000001,495,TIARA C/ LAÇO INFANTIL PROMOÇÃO,"1,00","6,00",CARTÃO DÉBITO
691,14/07/2025,000001,960,CHAVEIRO CAPIVARA GRANDE,"1,00","15,99",CARTÃO DÉBITO
692,14/07/2025,000001,16,APONTADOR DUPLO STITCH,"1,00","8,00",CARTÃO DÉBITO
693,14/07/2025,000001,484,KIT XUXINHA SIMPLES FINA INFANTIL C/6,"1,00","2,99",CARTÃO DÉBITO
694,14/07/2025,000001,455,LAÇO INFANTIL INDIVIDUAL (PROMOÇÃO),"1,00","7,99",CARTÃO DÉBITO
695,14/07/2025,000001,529,KIT TIC TAC COM BRILHO C/6 UND,"1,00","8,00",CARTÃO DÉBITO
696,14/07/2025,000001,978,"KIT INFANTIL BICO PATO, PIRANHA E XUXINHA PEQ C/4 UND","1,00","9,00",CARTÃO DÉBITO
697,14/07/2025,000001,455,LAÇO INFANTIL INDIVIDUAL (PROMOÇÃO),"1,00","7,99",CARTÃO DÉBITO
698,14/07/2025,000001,799,KIT XUXINHA SIMPLES MEDIA INFANTIL C/6,"1,00","4,00",CARTÃO DÉBITO
699,14/07/2025,000001,797,LIGA DE SILICONE BOLSINHA,"1,00","8,00",CARTÃO DÉBITO
700,14/07/2025,000001,22,LAPIS INFINITO C/ PONTEIRA STITCH,"1,00","9,00",CARTÃO DÉBITO
701,14/07/2025,000001,46,LAPIS GRAFITE HB STITCH UND,"2,00","3,00",CARTÃO DÉBITO
702,14/07/2025,000001,396,FAIXA DE CABELO ELASTICA P/ESPORTE INDIVIDUAL,"1,00","2,99",CARTÃO DÉBITO
703,14/07/2025,000001,36,BORRACHA STITCH SIMPLES,"1,00","6,00",CARTÃO DÉBITO
704,14/07/2025,000001,317,KIT MAQUIAGEM  LOVE COLORS,"1,00","25,00",CARTÃO DÉBITO
705,14/07/2025,000001,364,ESCOVA CABELO POLVO,"1,00","5,00",CARTÃO CRÉDITO
706,14/07/2025,000001,824,MOCHILA PASSEIO COM BRILHO GRANDE INFANTIL,"1,00","70,00",CARTÃO CRÉDITO
707,14/07/2025,000001,445,CHAVEIROS EM PROMOÇÃO,"1,00","7,00",CARTÃO CRÉDITO
708,14/07/2025,000001,960,CHAVEIRO CAPIVARA GRANDE,"1,00","15,99",CARTÃO CRÉDITO
709,14/07/2025,000001,74,CHAVEIRO MEDIO STITCH,"1,00","18,00",CARTÃO CRÉDITO
710,14/07/2025,000001,443,CHAVEIRO GRANDES DIVERSOS,"1,00","16,00",CARTÃO CRÉDITO
711,14/07/2025,000001,686,EMBALAGEM SACO,"1,00","2,00",CARTÃO CRÉDITO
712,14/07/2025,000001,886,KIT TOUCH 60 PCS PONTA DUPLA,"1,00","163,00",CARTÃO CRÉDITO
713,14/07/2025,000001,835,SQUISHY PERSONAGENS,"1,00","16,00",CARTÃO DÉBITO
714,14/07/2025,000018,634,BRINCO FOLHEADO PRATA,"1,00","35,00",PIX
715,15/07/2025,000001,233,SACOLA DE PAPEL P/ PRESENTE BOCA PALHAÇO MED,"1,00","12,00",CARNÊ
716,15/07/2025,000001,2,CANETA SIMPLES C/ PONTEIRA PERSONAGENS,"1,00","6,00",CARNÊ
717,15/07/2025,000001,39,CADERNO A5 HARRY POTTER,"1,00","50,00",CARNÊ
718,15/07/2025,000001,879,ESTOJO SIMPLES PROMOÇÃO,"1,00","10,00",não checado
719,15/07/2025,000001,249,ESTOJO DIVERTIDAMENTE 2 ZIPERES,"1,00","15,00",não checado
720,15/07/2025,000001,680,SQUISHY STITCH,"1,00","22,00",não checado
721,15/07/2025,000001,509,ESPONJA COQUE PENTEADO PEQUENA,"1,00","6,00",não checado
722,15/07/2025,000001,473,TIARA DE MEIA INDIVIDUAL BEBÊ,"1,00","6,00",CARTÃO DÉBITO
723,15/07/2025,000001,482,XUXINHA COM POMPOM C/ 2 INFANTIL,"1,00","6,00",CARTÃO DÉBITO
724,15/07/2025,000001,839,LAÇO BICO PATO C/2 UND STITCH,"1,00","13,00",CARTÃO DÉBITO
725,15/07/2025,000001,463,KIT LAÇO INFANTIL PEQ C/ 2 UND,"1,00","8,00",CARTÃO DÉBITO
726,15/07/2025,000001,460,LAÇO INFANTIL COM 2,"1,00","12,00",CARTÃO DÉBITO
727,15/07/2025,000001,463,KIT LAÇO INFANTIL PEQ C/ 2 UND,"1,00","8,00",CARTÃO DÉBITO
728,15/07/2025,000001,813,TIARA BELL PRETA,"2,00","3,00",CARTÃO DÉBITO
729,15/07/2025,000001,563,BICO PATO INFANTIL PROMOÇÃO,"1,00","5,00",CARTÃO DÉBITO
730,15/07/2025,000001,505,COLAR CORDÃO AMIZADE C/3,"1,00","9,99",PIX
731,15/07/2025,000001,76,PRENDEDOR DE PAPEL 19M,"1,00","6,00",PIX
732,15/07/2025,000001,264,CADERNO INTELIGENTE 10 DISCOS,"1,00","20,00",PIX
733,15/07/2025,000001,92,CADERNO BROCHURAO STITCH 80 FOLHAS,"1,00","42,00",PIX
734,15/07/2025,000001,879,ESTOJO SIMPLES PROMOÇÃO,"1,00","10,00",PIX
735,15/07/2025,000001,686,EMBALAGEM SACO,"3,00","2,00",PIX
736,15/07/2025,000001,385,CINTO LARGO COM BRILHO,"1,00","20,00",PIX
737,15/07/2025,000001,901,MASCARA PARA CILIOS A PROVA D'AGUA FEBELLA,"1,00","10,00",PIX
738,15/07/2025,000001,407,LIXA UNHA,"1,00","3,50",PIX
739,15/07/2025,000001,771,BODY SPLASH PERFUME,"1,00","50,00",PIX
740,15/07/2025,000001,877,PIRANHA PROMOÇÃO,"1,00","10,00",DINHEIRO
741,15/07/2025,000001,745,CHAVEIRO LETRAS,"1,00","7,00",DINHEIRO
742,15/07/2025,000001,369,BLUSH BASTAO LOVE RAIN,"1,00","15,00",DINHEIRO
743,15/07/2025,000001,94,CANETA 12 CORES HELLO KITTY,"1,00","15,00",DINHEIRO
744,16/07/2025,000001,85,KIT PORTA JOIA BERLOQUE STITCH,"1,00","130,00",CARTÃO DÉBITO
745,16/07/2025,000001,195,LAPIS GRAFITE HB NARUTO UNID,"3,00","2,00",CARTÃO DÉBITO
746,16/07/2025,000001,686,EMBALAGEM SACO,"1,00","2,00",CARTÃO DÉBITO
747,16/07/2025,000001,745,CHAVEIRO LETRAS,"1,00","7,00",CARTÃO CRÉDITO
748,16/07/2025,000001,724,BRINCO FOLHEADO DOURADO,"1,00","30,00",CARTÃO CRÉDITO
749,16/07/2025,000001,307,BATOM MATTE 30 HORAS MAX LOVE,"2,00","10,00",CARTÃO CRÉDITO
750,16/07/2025,000001,116,CANETINHA HIDROGRAFICA KAZC/12,"1,00","10,00",PIX
751,16/07/2025,000001,1001,BICO PATO ACETATO C/2 METAL,"1,00","7,00",CARTÃO DÉBITO
752,16/07/2025,000001,483,XUXINHA DECORADA COM ORELHINHAS PROMOÇÃO,"1,00","2,99",CARTÃO DÉBITO
753,16/07/2025,000001,1040,MINI GRAMPEADOR C/ CHAVEIRO,"1,00","9,99",CARTÃO DÉBITO
754,16/07/2025,000001,197,COLA BASTAO BICHINHOS DIVERSOS,"1,00","4,99",CARTÃO DÉBITO
755,16/07/2025,000001,535,KIT MINI PIRANHA C/6 UND,"1,00","9,99",CARTÃO DÉBITO
756,16/07/2025,000001,17,APONTADOR STITCH,"1,00","16,99",CARTÃO DÉBITO
757,16/07/2025,000001,805,BORRACHA RETRATIL STITCH,"1,00","11,99",CARTÃO DÉBITO
758,16/07/2025,000001,13,COLA BASTAO COM CHEIRINHO/GLITTER KAZ,"1,00","5,00",CARTÃO DÉBITO
759,16/07/2025,000001,483,XUXINHA DECORADA COM ORELHINHAS PROMOÇÃO,"1,00","2,99",CARTÃO DÉBITO
760,16/07/2025,000001,484,KIT XUXINHA SIMPLES FINA INFANTIL C/6,"1,00","2,99",CARTÃO DÉBITO
761,16/07/2025,000001,22,LAPIS INFINITO C/ PONTEIRA STITCH,"1,00","9,00",CARTÃO DÉBITO
762,16/07/2025,000001,137,GIZ CERA GEL KAZ,"1,00","22,00",CARTÃO DÉBITO
763,16/07/2025,000001,998,BOBBIE GOODS DIVERSOS TEMAS,"1,00","35,00",CARTÃO DÉBITO
764,16/07/2025,000001,505,COLAR CORDÃO AMIZADE C/3,"1,00","9,99",PIX
765,16/07/2025,000001,216,CORDAO PESCOCO COM PINGENTE METAL,"1,00","7,00",PIX
766,16/07/2025,000001,511,PORTA CARTAO C/ CORDÃO HELLO KITTY,"1,00","16,00",PIX
767,16/07/2025,000001,500,PULSEIRA CORDÃO AJUSTAVEL,"1,00","4,99",PIX
768,16/07/2025,000001,500,PULSEIRA CORDÃO AJUSTAVEL,"2,00","4,99",PIX
769,16/07/2025,000001,216,CORDAO PESCOCO COM PINGENTE METAL,"1,00","7,00",PIX
770,16/07/2025,000001,1001,BICO PATO ACETATO C/2 METAL,"1,00","7,00",PIX
771,16/07/2025,000001,877,PIRANHA PROMOÇÃO,"1,00","10,00",PIX
772,16/07/2025,000001,994,ESTOJO PELUCIA GRANDE STITCH,"1,00","44,99",DINHEIRO
773,16/07/2025,000001,686,EMBALAGEM SACO,"1,00","2,00",DINHEIRO
774,16/07/2025,000001,409,KIT NECESSERIE PROMOÇÃO TAM M,"1,00","20,00",CARTÃO CRÉDITO
775,16/07/2025,000001,686,EMBALAGEM SACO,"1,00","2,00",CARTÃO CRÉDITO
776,16/07/2025,000001,984,CADERNO CAPIVARA,"1,00","22,00",CARTÃO DÉBITO
777,16/07/2025,000001,871,CONJ PIJAMA INFANTIL MANGA COMPRIDA E CALÇA P,"1,00","45,00",CARTÃO DÉBITO
778,16/07/2025,000001,455,LAÇO INFANTIL INDIVIDUAL (PROMOÇÃO),"1,00","7,99",CARTÃO DÉBITO
779,16/07/2025,000001,457,LAÇO INFANTIL INDIVIDUAL,"1,00","13,00",CARTÃO DÉBITO
780,16/07/2025,000001,466,KIT LAÇO INFANTIL PEQ C/ 5 UND PROMOÇÃO,"1,00","14,00",CARTÃO DÉBITO
781,16/07/2025,000001,457,LAÇO INFANTIL INDIVIDUAL,"2,00","13,00",CARTÃO DÉBITO
782,16/07/2025,000001,835,SQUISHY PERSONAGENS,"2,00","16,00",PIX
783,16/07/2025,000001,998,BOBBIE GOODS DIVERSOS TEMAS,"1,00","35,00",DINHEIRO
784,16/07/2025,000001,55,FITA CORRETIVA CORPO STITCH,"1,00","24,00",DINHEIRO
785,16/07/2025,000001,452,BOLSA INFANTIL,"1,00","25,00",CARTÃO CRÉDITO
786,17/07/2025,000001,759,GEL HIDRATANTE VIRILHA BABASOUL 280ML,"1,00","24,00",PIX
787,17/07/2025,000001,753,LIP OIL STITCH SWETT,"1,00","10,00",CARTÃO DÉBITO
788,17/07/2025,000001,898,LIP GLOSS STITCH SPINE,"1,00","15,00",CARTÃO DÉBITO
789,17/07/2025,000001,280,MOUSSE MICELAR BABABELL,"1,00","20,00",DINHEIRO
790,17/07/2025,000001,902,BATOM 5D LIPSTICK MISS ROYAL,"1,00","12,00",DINHEIRO
791,17/07/2025,000001,957,PELUCIA CAPIVARA PEQUENA 12CM,"1,00","23,99",PIX
792,17/07/2025,000001,686,EMBALAGEM SACO,"1,00","2,00",PIX
793,17/07/2025,000001,680,SQUISHY STITCH,"1,00","22,00",PIX
794,17/07/2025,000001,958,CAPIVARA PULSEIRA PELUCIA PEQUENA,"1,00","39,99",CARTÃO CRÉDITO
795,17/07/2025,000001,953,BOBBIE GOODS CAPIVARA GRANDE,"1,00","29,99",CARTÃO CRÉDITO
796,17/07/2025,000001,686,EMBALAGEM SACO,"1,00","2,00",CARTÃO CRÉDITO
797,17/07/2025,000001,561,TIARA ADULTO,"1,00","12,00",CARTÃO CRÉDITO
798,17/07/2025,000001,957,PELUCIA CAPIVARA PEQUENA 12CM,"1,00","23,99",CARTÃO CRÉDITO
799,17/07/2025,000001,150,BORRACHA RETRATIL CAPIVARA,"1,00","10,00",CARTÃO CRÉDITO
800,17/07/2025,000001,13,COLA BASTAO COM CHEIRINHO/GLITTER KAZ,"1,00","5,00",PIX
801,18/07/2025,000001,426,COPO TERMICO 1.200ML STANLEY,"1,00","149,99",DINHEIRO
802,18/07/2025,000001,353,KIT ESPONJA C/8,"1,00","15,00",DINHEIRO
803,18/07/2025,000001,842,BAG TRANSVERSAL AÇO PEQUENA,"1,00","70,00",CARTÃO CRÉDITO
804,18/07/2025,000001,414,CUECAS KIT COM 3 UNIDADES,"1,00","54,99",PIX DIRETO
805,18/07/2025,000001,306,GLOSS LIP VOLUMOSO MAX LOVE,"1,00","10,00",PIX DIRETO
806,18/07/2025,000001,314,LAPIS BATOM UNI,"1,00","15,00",PIX DIRETO
807,18/07/2025,000001,759,GEL HIDRATANTE VIRILHA BABASOUL 280ML,"1,00","24,00",PIX DIRETO
808,18/07/2025,000001,835,SQUISHY PERSONAGENS,"1,00","16,00",PIX
809,18/07/2025,000001,881,BOBBIE GOODS DIVERSOS,"1,00","35,00",DINHEIRO
810,18/07/2025,000001,279,GLOSS TEEN (PROMOÇÃO),"1,00","6,00",PIX
811,18/07/2025,000001,670,RECARGA PONTA 2.0 POLY KAZ,"2,00","3,00",CARTÃO DÉBITO
812,18/07/2025,000001,835,SQUISHY PERSONAGENS,"1,00","16,00",DINHEIRO
813,18/07/2025,000001,881,BOBBIE GOODS DIVERSOS,"1,00","35,00",DINHEIRO
814,18/07/2025,000001,103,GLOSS HELLO KITTY,"1,00","13,00",DINHEIRO
815,18/07/2025,000001,164,PASTA CLASSIFICADORA/PLASTICA CAPIVARA,"1,00","10,00",DINHEIRO
816,18/07/2025,000001,350,NIPPLE SILICONE PAD(TAPA MAMILOS),"1,00","15,00",DINHEIRO
817,19/07/2025,000001,99,BORRACHA SIMPLES HELLO KITTY,"1,00","6,00",não checado
818,19/07/2025,000001,443,CHAVEIRO GRANDES DIVERSOS,"1,00","16,00",não checado
819,19/07/2025,000001,484,KIT XUXINHA SIMPLES FINA INFANTIL C/6,"1,00","2,99",PIX DIRETO
820,19/07/2025,000001,468,KIT TIC TAC INFANTIL C/ APLIQUE C/2 UND,"1,00","5,00",PIX DIRETO
821,19/07/2025,000001,531,TIC TAC ADULTO GRANDE INDIVIDUAL C/ STRASS,"1,00","9,00",PIX DIRETO
822,19/07/2025,000001,176,KIT TOUCH 24 PCS PONTA DUPLA,"1,00","75,00",PIX
823,19/07/2025,000001,953,BOBBIE GOODS CAPIVARA GRANDE,"2,00","29,99",PIX
824,19/07/2025,000001,967,CONJ PIJAMA INFANTIL CALÇA E MANGA CURTA E COMPRIDA POLIEST M,"1,00","50,00",PIX
825,19/07/2025,000001,965,CONJ PIJAMA INFANTIL MANGA COMPRIDA E CALÇA M,"1,00","50,00",PIX
826,19/07/2025,000001,966,CONJ PIJAMA INFANTIL MANGA COMPRIDA E CALÇA G,"1,00","49,99",PIX
827,19/07/2025,000001,966,CONJ PIJAMA INFANTIL MANGA COMPRIDA E CALÇA G,"1,00","49,99",PIX
828,19/07/2025,000001,881,BOBBIE GOODS DIVERSOS,"1,00","35,00",PIX
829,19/07/2025,000001,686,EMBALAGEM SACO,"1,00","2,00",PIX
830,19/07/2025,000001,414,CUECAS KIT COM 3 UNIDADES,"1,00","54,99",não checado
831,19/07/2025,000001,686,EMBALAGEM SACO,"1,00","2,00",não checado
832,19/07/2025,000001,236,SACOLA DE PAPEL P/ PRESENTE COM ALÇA MED,"1,00","5,00",PIX
833,19/07/2025,000001,504,CONJ.COLAR/PULSEIRA MIÇANGA PINGENTE PERSONAGENS INFANTIL,"1,00","20,00",PIX
834,19/07/2025,000001,686,EMBALAGEM SACO,"1,00","2,00",PIX
835,19/07/2025,000001,576,BOLSA TRANSVESAL,"1,00","35,00",CARTÃO DÉBITO
836,19/07/2025,000001,1023,CONJ PIJAMA INFANTIL STITCH MANGA E CALÇA COMPRIDA M,"1,00","68,00",CARTÃO DÉBITO
837,19/07/2025,000001,255,SACOLA DE PAPEL P/ PRESENTE STITCH,"1,00","8,00",CARTÃO DÉBITO
838,19/07/2025,000001,978,"KIT INFANTIL BICO PATO, PIRANHA E XUXINHA PEQ C/4 UND","1,00","9,00",CARTÃO CRÉDITO
839,19/07/2025,000001,975,LAÇO INFANTIL COM 2,"1,00","13,00",CARTÃO CRÉDITO
840,19/07/2025,000001,797,LIGA DE SILICONE BOLSINHA,"1,00","8,00",CARTÃO CRÉDITO
841,19/07/2025,000001,481,KIT XUXINHA SIMPLES INFANTIL C/ APLIQUE C/2 UND,"2,00","3,99",CARTÃO CRÉDITO
842,19/07/2025,000001,279,GLOSS TEEN (PROMOÇÃO),"1,00","6,00",CARTÃO CRÉDITO
843,19/07/2025,000001,504,CONJ.COLAR/PULSEIRA MIÇANGA PINGENTE PERSONAGENS INFANTIL,"1,00","20,00",PIX
844,19/07/2025,000001,534,BICO PATO C/2 ADULTO,"1,00","8,00",PIX
845,19/07/2025,000001,686,EMBALAGEM SACO,"1,00","2,00",PIX
846,19/07/2025,000001,1053,CONJ PIJAMA PREMIUM INFANTIL,"1,00","89,99",CARTÃO DÉBITO
847,19/07/2025,000001,599,PIJAMA INFANTIL MASCULINO,"1,00","29,99",PIX DIRETO
848,19/07/2025,000001,462,KIT LAÇO INFANTIL PEQ C/ 2 UND,"1,00","6,99",DINHEIRO
849,19/07/2025,000001,821,BOLSA INFATIL PASSEIO COM BRILHO PEQ INFANTIL ALÇA MOCHILA,"1,00","39,99",DINHEIRO
850,19/07/2025,000001,225,SACO PRESENTE TAM.20X29CM,"1,00","1,99",DINHEIRO
851,19/07/2025,000001,560,TIARA ADULTO,"1,00","9,99",PIX
852,19/07/2025,000001,1043,POSTIT CARTELA 8 BLOCOS FOFY,"1,00","11,99",PIX
853,19/07/2025,000001,158,CANETA 12 CORES CAPIVARA,"1,00","14,99",PIX
854,21/07/2025,000001,1075,DIÁRIO CAPA 3D PERSOMAGENS COM CADEADO,"1,00","37,00",CARTÃO CRÉDITO
855,21/07/2025,000001,1061,CAMISA GRUPO ROSAS TECIDO ALGODÃO,"1,00","55,00",CARTÃO CRÉDITO
856,21/07/2025,000001,1068,PIRANHA PLÁSTICO PROMOÇÃO P,"3,00","0,50",CARTÃO CRÉDITO
857,21/07/2025,000001,243,CAIXA PRESENTE TAM. M,"1,00","11,00",CARTÃO CRÉDITO
858,21/07/2025,000001,585,MOCHILA FEMININA COM CHAVEIRO POMPOM,"1,00","60,00",CARTÃO CRÉDITO
859,21/07/2025,000001,732,KIT TIC TAC ORGANICO GRANDE C/2,"1,00","8,00",CARTÃO CRÉDITO
860,21/07/2025,000001,975,LAÇO INFANTIL COM 2,"1,00","13,00",CARTÃO DÉBITO
861,21/07/2025,000001,486,KIT XUXINHA INFANTIL C/ 2 E 1 TIC TAC,"1,00","5,00",PIX
862,21/07/2025,000001,481,KIT XUXINHA SIMPLES INFANTIL C/ APLIQUE C/2 UND,"1,00","3,99",PIX
863,21/07/2025,000001,370,BASE MATE LOVE RAIN,"1,00","15,00",CARTÃO DÉBITO
864,21/07/2025,000001,328,PO COMPACTO MATTE À PROVA D'AGUA MAX LOVE,"1,00","10,00",CARTÃO DÉBITO
865,21/07/2025,000001,108,REGUA HELLO KITTY,"1,00","19,99",CARTÃO DÉBITO
866,21/07/2025,000001,545,PIRANHA MÉDIA,"1,00","13,00",CARTÃO DÉBITO
867,21/07/2025,000001,505,COLAR CORDÃO AMIZADE C/3,"1,00","9,99",CARTÃO CRÉDITO
868,21/07/2025,000001,244,CORDAO CHAVEIRO VARIADOS PROMOÇÃO,"1,00","6,00",CARTÃO CRÉDITO
869,21/07/2025,000001,1059,CADERNO INTELIGENTE 10 DISCOS,"1,00","20,00",DINHEIRO
870,21/07/2025,000001,416,CANETA LUXO C/ PONTEIRA,"1,00","10,00",DINHEIRO
871,21/07/2025,000001,439,MINI BLOCO ANOTAÇÃO DIVERSOS,"1,00","10,00",DINHEIRO
872,21/07/2025,000001,429,CADERNO ANOTAÇÃO PEQ,"1,00","16,00",DINHEIRO
873,21/07/2025,000001,187,BORRACHA RETRATIL PERSONAGENS DIVERSOS,"1,00","10,00",CARTÃO CRÉDITO
874,21/07/2025,000001,184,BORRACHA DIVERSAS,"1,00","5,00",CARTÃO CRÉDITO
875,21/07/2025,000001,998,BOBBIE GOODS DIVERSOS TEMAS,"1,00","35,00",CARTÃO CRÉDITO
876,21/07/2025,000001,500,PULSEIRA CORDÃO AJUSTAVEL,"1,00","4,99",PIX
877,21/07/2025,000001,304,LIP TINT BELLE ANGEL (PROMOÇÃO),"1,00","5,00",PIX
878,21/07/2025,000001,425,COPO TERMICO MUSICAL,"1,00","50,00",DINHEIRO
879,21/07/2025,000001,686,EMBALAGEM SACO,"1,00","2,00",DINHEIRO
880,21/07/2025,000001,799,KIT XUXINHA SIMPLES MEDIA INFANTIL C/6,"2,00","4,00",DINHEIRO
881,21/07/2025,000001,303,BLUSH JELLY TINT,"1,00","15,00",DINHEIRO
882,21/07/2025,000001,333,GEL PARA SOMBRANCELHA MELU,"1,00","10,00",DINHEIRO
883,21/07/2025,000001,809,ANEL PARA TRANÇA,"1,00","3,00",DINHEIRO
884,21/07/2025,000001,809,ANEL PARA TRANÇA,"1,00","3,00",DINHEIRO
885,21/07/2025,000001,782,PINTURA DIAMANTE PERSONANGENS,"1,00","20,00",DINHEIRO
886,21/07/2025,000001,914,BATOM MATTE LIQUIDO SARAH'S BEAUTY,"1,00","9,99",DINHEIRO
887,21/07/2025,000001,902,BATOM 5D LIPSTICK MISS ROYAL,"2,00","12,00",DINHEIRO
888,21/07/2025,000001,684,FIO SEDA COLORIDOS,"2,00","3,00",DINHEIRO
889,22/07/2025,000001,153,CADERNO DE ADESIVOS CAPIVARA,"1,00","16,00",PIX
890,22/07/2025,000001,991,CARTELA DE ADESIVOS LABUBU,"1,00","6,99",PIX DIRETO
891,23/07/2025,000001,192,LAPIS GRAFITE NEON HB KAZ UND,"3,00","1,50",DINHEIRO
892,23/07/2025,000001,1066,XUXINHA SIMPLES INDIVIDUAL,"2,00","1,00",CARTÃO CRÉDITO
893,23/07/2025,000001,330,PO FACIAL FINALIZADOR VEGANO MAX LOVE,"1,00","10,00",DINHEIRO
894,23/07/2025,000010,573,BOLSA TRANSVERSAL BOBO,"1,00","99,99",DINHEIRO
895,23/07/2025,000001,3,LAPIS POLY 2.0,"2,00","5,00",CARNÊ
896,23/07/2025,000001,670,RECARGA PONTA 2.0 POLY KAZ,"1,00","3,00",CARNÊ
897,23/07/2025,000001,491,LIGA DE SILICONE,"1,00","5,00",PIX
898,23/07/2025,000001,835,SQUISHY PERSONAGENS,"1,00","16,00",PIX
899,23/07/2025,000001,679,KIT TIC TAC INFANTIL C/APLIQUE C/6 UND,"1,00","9,00",PIX
900,23/07/2025,000001,679,KIT TIC TAC INFANTIL C/APLIQUE C/6 UND,"1,00","9,00",PIX
901,23/07/2025,000001,847,KIT MEI QI LAM,"1,00","30,00",CARTÃO CRÉDITO
902,23/07/2025,000001,360,PÓ FADA ILUMINADOR LOVE RAIN,"1,00","9,99",CARTÃO CRÉDITO
903,23/07/2025,000001,828,KIT FLOR PIRANHA/XUXINHA/ELASTICO,"1,00","24,00",CARTÃO CRÉDITO
904,23/07/2025,000001,1069,SQUISHY GATO GRANDE,"1,00","22,00",CARTÃO CRÉDITO
905,23/07/2025,000001,877,PIRANHA PROMOÇÃO,"1,00","10,00",CARTÃO CRÉDITO
906,23/07/2025,000001,881,BOBBIE GOODS DIVERSOS,"1,00","35,00",PIX DIRETO
907,24/07/2025,000001,613,COLAR COM PEDRAS FOLHEADO PRATA,"1,00","29,99",CARTÃO CRÉDITO
908,24/07/2025,000001,1073,SQUISHY BISCOITO,"1,00","15,99",CARTÃO CRÉDITO
909,24/07/2025,000001,775,PIRANHA METAL STRASS GRANDE,"1,00","18,00",CARTÃO CRÉDITO
910,24/07/2025,000001,995,PIRANHA ADULTO MÉDIA C/ STRASS,"1,00","12,99",CARTÃO CRÉDITO
911,24/07/2025,000001,236,SACOLA DE PAPEL P/ PRESENTE COM ALÇA MED,"1,00","5,00",CARTÃO DÉBITO
912,24/07/2025,000001,1061,CAMISA GRUPO ROSAS TECIDO ALGODÃO,"1,00","55,00",PIX
913,24/07/2025,000001,1061,CAMISA GRUPO ROSAS TECIDO ALGODÃO,"1,00","55,00",CARTÃO DÉBITO
914,24/07/2025,000001,877,PIRANHA PROMOÇÃO,"1,00","10,00",CARTÃO DÉBITO
915,24/07/2025,000001,958,CAPIVARA PULSEIRA PELUCIA PEQUENA,"1,00","39,99",CARTÃO CRÉDITO
916,24/07/2025,000001,726,BRINCO FOLHEADO DOURADO,"1,00","15,00",CARTÃO CRÉDITO
917,24/07/2025,000001,937,CONJ.BIJOUX BRINCO/CORRENTE/PINGENTE STITCH,"1,00","30,00",CARTÃO CRÉDITO
918,24/07/2025,000001,281,GLOSS MISS ROSE (PROMOÇÃO),"1,00","6,00",PIX
919,24/07/2025,000001,877,PIRANHA PROMOÇÃO,"1,00","10,00",PIX
920,24/07/2025,000001,22,LAPIS INFINITO C/ PONTEIRA STITCH,"1,00","9,00",CARTÃO DÉBITO
921,24/07/2025,000001,392,LENCO QUADRADO DE CETIM GRANDE,"1,00","20,00",CARTÃO DÉBITO
922,24/07/2025,000001,357,SPRAY HELOGRAFICO GLITER CABELO & CORPO CARNAVAL,"1,00","30,00",CARTÃO DÉBITO
923,24/07/2025,000001,957,PELUCIA CAPIVARA PEQUENA 12CM,"1,00","23,99",CARTÃO CRÉDITO
924,24/07/2025,000001,1061,CAMISA GRUPO ROSAS TECIDO ALGODÃO,"1,00","55,00",CARTÃO CRÉDITO
925,24/07/2025,000001,168,RELOGIO DIGITAL INFANTIL COM APLIQUE PERSONAGENS,"1,00","17,99",não checado
926,24/07/2025,000001,787,TOALHA INFANTIL,"1,00","8,00",não checado
927,24/07/2025,000001,546,PIRANHA MÉDIA,"1,00","10,00",CARTÃO CRÉDITO
928,25/07/2025,000001,19,LAPISEIRA STTICH TONS PASTEIS 2.0,"1,00","10,00",PIX
929,25/07/2025,000001,670,RECARGA PONTA 2.0 POLY KAZ,"1,00","3,00",PIX
930,25/07/2025,000001,336,DELENIADOR OLHO VIVAI,"1,00","10,00",PIX
931,25/07/2025,000001,46,LAPIS GRAFITE HB STITCH UND,"2,00","3,00",CARTÃO CRÉDITO
932,25/07/2025,000001,493,LIGA DE SILICONE YUNDOU,"1,00","9,00",CARTÃO CRÉDITO
933,25/07/2025,000001,1061,CAMISA GRUPO ROSAS TECIDO ALGODÃO,"1,00","55,00",PIX
934,25/07/2025,000001,471,KIT TIC TAC INFANTIL PEQ C/3 UND,"2,00","6,00",PIX
935,25/07/2025,000001,881,BOBBIE GOODS DIVERSOS,"1,00","35,00",CARTÃO DÉBITO
936,25/07/2025,000001,176,KIT TOUCH 24 PCS PONTA DUPLA,"1,00","75,00",CARTÃO DÉBITO
937,25/07/2025,000001,347,ESPONJA MAQUIAGEM INDIVIDUAL,"1,00","6,00",CARTÃO DÉBITO
938,25/07/2025,000001,330,PO FACIAL FINALIZADOR VEGANO MAX LOVE,"1,00","10,00",CARTÃO DÉBITO
939,25/07/2025,000001,382,PÓ MECHA CABELO COLORIDO,"1,00","10,00",PIX
940,25/07/2025,000001,913,PALETA 3 EM 1 ILUM+BLUSH+CONTORNO BOBBI RARA,"1,00","15,00",PIX
941,25/07/2025,000001,914,BATOM MATTE LIQUIDO SARAH'S BEAUTY,"1,00","9,99",PIX
942,25/07/2025,000001,236,SACOLA DE PAPEL P/ PRESENTE COM ALÇA MED,"1,00","5,00",PIX
943,25/07/2025,000001,108,REGUA HELLO KITTY,"1,00","19,99",CARTÃO DÉBITO
944,25/07/2025,000001,994,ESTOJO PELUCIA GRANDE STITCH,"1,00","44,99",CARTÃO DÉBITO
945,25/07/2025,000001,106,CADERNINHO COM VELCRO ESPIRAL HELLO KITTY,"1,00","17,99",CARTÃO DÉBITO
946,25/07/2025,000001,484,KIT XUXINHA SIMPLES FINA INFANTIL C/6,"1,00","2,99",PIX
947,25/07/2025,000001,747,KIT TIC TAC INFANTIL C/5 E XUXINHAS PEQ,"1,00","8,99",PIX
948,25/07/2025,000001,382,PÓ MECHA CABELO COLORIDO,"1,00","10,00",PIX
949,25/07/2025,000001,685,FIO SEDA COLORIDO,"2,00","5,00",PIX
950,25/07/2025,000001,494,ELASTICO BOX OU BABY SIZE,"1,00","14,99",PIX
951,25/07/2025,000001,684,FIO SEDA COLORIDOS,"2,00","3,00",PIX
952,25/07/2025,000001,710,TAXA ENTREGA,"1,00","7,00",PIX
953,25/07/2025,000001,576,BOLSA TRANSVESAL,"1,00","35,00",PIX DIRETO
954,25/07/2025,000001,686,EMBALAGEM SACO,"1,00","2,00",PIX DIRETO
955,26/07/2025,000001,966,CONJ PIJAMA INFANTIL MANGA COMPRIDA E CALÇA G,"1,00","49,99",PIX
956,26/07/2025,000001,662,APLIQUE CABELO NYLON COLORIDO,"2,00","4,99",PIX DIRETO
957,26/07/2025,000001,821,BOLSA INFATIL PASSEIO COM BRILHO PEQ INFANTIL ALÇA MOCHILA,"1,00","39,99",PIX
958,26/07/2025,000001,226,SACO PRESENTE,"1,00","1,99",PIX
959,26/07/2025,000001,1053,CONJ PIJAMA PREMIUM INFANTIL,"1,00","89,99",CARTÃO CRÉDITO
960,26/07/2025,000001,840,KIT NECESSERIE COM 3 UND WASHBAG,"1,00","49,99",CARTÃO CRÉDITO
961,26/07/2025,000001,821,BOLSA INFATIL PASSEIO COM BRILHO PEQ INFANTIL ALÇA MOCHILA,"1,00","39,99",CARTÃO CRÉDITO
962,28/07/2025,000001,955,GARRAFA CAPIVARA 800ML,"1,00","25,00",CARTÃO DÉBITO
963,28/07/2025,000001,21,"LAPISEIRA 0,7","1,00","8,00",PIX
964,28/07/2025,000001,16,APONTADOR DUPLO STITCH,"1,00","8,00",PIX
965,28/07/2025,000001,782,PINTURA DIAMANTE PERSONANGENS,"1,00","20,00",CARTÃO CRÉDITO
966,29/07/2025,000001,425,COPO TERMICO MUSICAL,"1,00","50,00",PIX
967,29/07/2025,000001,686,EMBALAGEM SACO,"1,00","2,00",PIX
968,29/07/2025,000001,1067,PIRANHA PLÁSTICO PROMOÇÃO M,"2,00","1,50",DINHEIRO
969,29/07/2025,000001,991,CARTELA DE ADESIVOS LABUBU,"1,00","6,99",DINHEIRO
970,29/07/2025,000001,914,BATOM MATTE LIQUIDO SARAH'S BEAUTY,"1,00","9,99",CARTÃO DÉBITO
971,29/07/2025,000001,281,GLOSS MISS ROSE (PROMOÇÃO),"1,00","6,00",CARTÃO DÉBITO
972,29/07/2025,000001,957,PELUCIA CAPIVARA PEQUENA 12CM,"2,00","23,99",PIX
973,29/07/2025,000001,109,ADESIVO HELLO KITTY CARTELA,"1,00","7,99",PIX
974,29/07/2025,000001,396,FAIXA DE CABELO ELASTICA P/ESPORTE INDIVIDUAL,"1,00","2,99",CARTÃO DÉBITO
975,29/07/2025,000001,153,CADERNO DE ADESIVOS CAPIVARA,"1,00","16,00",DINHEIRO
976,29/07/2025,000001,105,APONTADOR HELLO KITTY,"1,00","17,99",DINHEIRO
977,29/07/2025,000001,414,CUECAS KIT COM 3 UNIDADES,"1,00","54,99",DINHEIRO
978,29/07/2025,000001,580,BOLSA MALA ESPORTIVA T60,"1,00","79,99",PIX
979,30/07/2025,000015,414,CUECAS KIT COM 3 UNIDADES,"1,00","54,99",CARTÃO DÉBITO
980,30/07/2025,000001,2,CANETA SIMPLES C/ PONTEIRA PERSONAGENS,"1,00","6,00",CARNÊ
981,30/07/2025,000001,958,CAPIVARA PULSEIRA PELUCIA PEQUENA,"1,00","39,99",DINHEIRO
982,30/07/2025,000001,342,TIARA POMPOM MAQUIAGEM,"1,00","10,00",DINHEIRO
983,30/07/2025,000001,872,LIVRO COLORIR COZY,"1,00","25,00",DINHEIRO
984,30/07/2025,000001,686,EMBALAGEM SACO,"1,00","2,00",DINHEIRO
985,30/07/2025,000001,959,PELÚCIA CAPIVARA MOCHILA MED 20CM,"1,00","65,00",CARTÃO DÉBITO
986,30/07/2025,000001,686,EMBALAGEM SACO,"1,00","2,00",CARTÃO DÉBITO
987,30/07/2025,000001,717,BRINCO FOLHEADO DOURADO,"1,00","10,00",CARTÃO DÉBITO
988,30/07/2025,000001,256,SACOLA DE PAPEL P/ PRESENTE COM ALÇA GRANDE,"1,00","5,00",CARTÃO DÉBITO
989,30/07/2025,000001,500,PULSEIRA CORDÃO AJUSTAVEL,"2,00","4,99",CARTÃO DÉBITO
990,30/07/2025,000001,223,SACO PRESENTE PP,"1,00","1,00",CARTÃO DÉBITO
991,31/07/2025,000001,598,PIJAMA INFANTI ALCINHA E SHORT CURTO,"1,00","30,00",DINHEIRO
992,31/07/2025,000001,686,EMBALAGEM SACO,"1,00","2,00",DINHEIRO
993,31/07/2025,000001,863,HIDRATANTE CORPO E MÃOS STITCH,"1,00","20,00",PIX
994,31/07/2025,000001,861,AGUA MICELAR STITCH,"1,00","10,00",PIX
995,31/07/2025,000001,833,ACRESCIMO,"1,00","1,00",PIX
996,31/07/2025,000001,481,KIT XUXINHA SIMPLES INFANTIL C/ APLIQUE C/2 UND,"2,00","3,99",CARTÃO CRÉDITO
997,31/07/2025,000001,960,CHAVEIRO CAPIVARA GRANDE,"1,00","15,99",CARTÃO CRÉDITO
998,31/07/2025,000001,455,LAÇO INFANTIL INDIVIDUAL (PROMOÇÃO),"1,00","7,99",CARTÃO CRÉDITO
999,31/07/2025,000001,453,BOLSA SILICONE INFANTIL,"1,00","24,99",CARTÃO CRÉDITO
1000,31/07/2025,000001,494,ELASTICO BOX OU BABY SIZE,"1,00","14,99",CARTÃO CRÉDITO
1001,31/07/2025,000001,976,KIT LAÇO INFANTIL PEQ C/ 3 UND PROMOÇÃO,"1,00","12,99",CARTÃO CRÉDITO
1002,31/07/2025,000001,747,KIT TIC TAC INFANTIL C/5 E XUXINHAS PEQ,"1,00","8,99",CARTÃO CRÉDITO
1003,31/07/2025,000001,330,PO FACIAL FINALIZADOR VEGANO MAX LOVE,"2,00","10,00",PIX
1004,31/07/2025,000001,698,COLAR BÚZIOS CORDÃO,"1,00","10,00",PIX
1005,31/07/2025,000001,955,GARRAFA CAPIVARA 800ML,"1,00","25,00",PIX
1006,31/07/2025,000001,410,LIXA UNHA POLIDORA,"1,00","2,50",PIX
1007,31/07/2025,000001,452,BOLSA INFANTIL,"1,00","25,00",CARTÃO DÉBITO
1008,31/07/2025,000001,686,EMBALAGEM SACO,"1,00","2,00",CARTÃO DÉBITO
1009,31/07/2025,000001,839,LAÇO BICO PATO C/2 UND STITCH,"1,00","13,00",CARTÃO DÉBITO
1010,31/07/2025,000001,808,PIRANHA EXTRA GRANDE QUADRADA,"1,00","10,00",não checado
1011,31/07/2025,000001,456,LAÇO INFANTIL INDIVIDUAL,"1,00","10,00",PIX
1012,31/07/2025,000001,460,LAÇO INFANTIL COM 2,"1,00","12,00",PIX
1013,31/07/2025,000001,485,KIT XUXINHA INFANTIL SILICONE C/2 UND,"1,00","4,00",PIX
1014,31/07/2025,000001,788,REFIL CADERNO INTELIGENTE 10 DISCOS,"1,00","25,00",CARTÃO CRÉDITO
1015,31/07/2025,000001,547,PIRANHA GRANDE,"1,00","12,00",PIX
1016,31/07/2025,000001,761,MASCARA PARA CILIOS INCOLOR,"1,00","10,00",PIX
1017,31/07/2025,000001,968,CONJ PIJAMA ADULTO STITCH DE MANGAS E CALÇA COMPRIDA,"1,00","75,00",CARTÃO DÉBITO
1018,31/07/2025,000001,686,EMBALAGEM SACO,"1,00","2,00",CARTÃO DÉBITO
1019,31/07/2025,000001,988,ADESIVO CAPIVARA CARTELA,"1,00","6,00",PIX
1020,31/07/2025,000001,782,PINTURA DIAMANTE PERSONANGENS,"1,00","20,00",PIX
1021,31/07/2025,000001,347,ESPONJA MAQUIAGEM INDIVIDUAL,"1,00","6,00",CARTÃO CRÉDITO
1022,31/07/2025,000001,800,KIT XUXINHA SIMPLES MEDIA COM 2,"1,00","3,00",CARTÃO CRÉDITO
1023,31/07/2025,000001,1001,BICO PATO ACETATO C/2 METAL,"1,00","7,00",CARTÃO CRÉDITO
1024,31/07/2025,000001,281,GLOSS MISS ROSE (PROMOÇÃO),"1,00","6,00",CARTÃO CRÉDITO
1025,31/07/2025,000018,753,LIP OIL STITCH SWETT,"1,00","10,00",PIX
1026,31/07/2025,000018,255,SACOLA DE PAPEL P/ PRESENTE STITCH,"1,00","8,00",PIX
1027,31/07/2025,000018,863,HIDRATANTE CORPO E MÃOS STITCH,"1,00","20,00",PIX
1028,31/07/2025,000018,862,SABONETE LIQUIDO FACIAL STITCH,"1,00","20,00",PIX
1029,31/07/2025,000018,861,AGUA MICELAR STITCH,"1,00","10,00",PIX
1030,31/07/2025,000001,745,CHAVEIRO LETRAS,"1,00","7,00",CARNÊ
1031,31/07/2025,000001,875,PORTA JOIAS PEQ,"1,00","20,00",DINHEIRO
1032,31/07/2025,000001,942,BRINCO EARCUFF FOLHEADO,"2,00","14,99",DINHEIRO
1033,31/07/2025,000001,650,COLAR FOLHEADO,"1,00","50,00",DINHEIRO
1034,31/07/2025,000001,235,SACOLA DE PAPEL P/ PRESENTE COM ALÇA PEQ,"1,00","7,00",DINHEIRO
1035,31/07/2025,000001,1081,BRINQUEDO JOGO DE MAO DE PLASTICO,"1,00","13,00",PIX DIRETO
1036,31/07/2025,000001,953,BOBBIE GOODS CAPIVARA GRANDE,"1,00","29,99",PIX DIRETO
1037,31/07/2025,000001,1080,SMILE  C/ BRINQUEDO,"1,00","21,99",CARTÃO DÉBITO
1038,01/08/2025,000001,958,CAPIVARA PULSEIRA PELUCIA PEQUENA,"1,00","39,99",PIX DIRETO
1039,01/08/2025,000001,786,CANETA C/POMPOM CORAÇÃO STITCH,"1,00","16,00",PIX DIRETO
1040,01/08/2025,000001,769,TESOURA STITCH,"1,00","17,00",PIX DIRETO
1041,01/08/2025,000001,1094,SQUISHY JOGUINHO,"1,00","15,99",PIX DIRETO
1042,01/08/2025,000001,662,APLIQUE CABELO NYLON COLORIDO,"1,00","4,99",PIX DIRETO
1043,01/08/2025,000001,203,LAPIS INFINITO C/ APLIQUE PERSONAGENS,"1,00","10,00",PIX DIRETO
1044,01/08/2025,000001,958,CAPIVARA PULSEIRA PELUCIA PEQUENA,"1,00","39,99",PIX
1045,01/08/2025,000001,786,CANETA C/POMPOM CORAÇÃO STITCH,"1,00","16,00",PIX
1046,01/08/2025,000001,826,COLAR CORDÃO AMIZADE C/2,"1,00","8,00",PIX
1047,01/08/2025,000001,769,TESOURA STITCH,"1,00","17,00",PIX
1048,01/08/2025,000001,1094,SQUISHY JOGUINHO,"1,00","15,99",PIX
1049,01/08/2025,000001,203,LAPIS INFINITO C/ APLIQUE PERSONAGENS,"1,00","10,00",PIX
1050,01/08/2025,000001,420,PASTA CLASSIFICADORA SIMPLES,"2,00","3,50",PIX
1051,01/08/2025,000001,756,MASCARA FACIAL STITCH,"1,00","10,00",PIX
1052,01/08/2025,000001,862,SABONETE LIQUIDO FACIAL STITCH,"1,00","20,00",PIX
1053,01/08/2025,000001,276,AGUA MICELAR LADY BEAUTY,"1,00","10,00",PIX
1054,01/08/2025,000001,863,HIDRATANTE CORPO E MÃOS STITCH,"1,00","20,00",PIX
1055,01/08/2025,000001,279,GLOSS TEEN (PROMOÇÃO),"1,00","6,00",PIX
1056,01/08/2025,000001,243,CAIXA PRESENTE TAM. M,"1,00","11,00",PIX
1057,01/08/2025,000001,901,MASCARA PARA CILIOS A PROVA D'AGUA FEBELLA,"1,00","10,00",CARTÃO CRÉDITO
1058,01/08/2025,000001,328,PO COMPACTO MATTE À PROVA D'AGUA MAX LOVE,"1,00","10,00",CARTÃO CRÉDITO
1059,01/08/2025,000001,370,BASE MATE LOVE RAIN,"1,00","15,00",CARTÃO CRÉDITO
1060,01/08/2025,000001,1025,CONJ PIJAMA INFANTIL STITCH MANGA E CALÇA COMPRIDA G,"1,00","68,00",PIX
1061,01/08/2025,000001,255,SACOLA DE PAPEL P/ PRESENTE STITCH,"1,00","8,00",PIX
1062,01/08/2025,000001,244,CORDAO CHAVEIRO VARIADOS PROMOÇÃO,"2,00","6,00",CARTÃO CRÉDITO
1063,01/08/2025,000001,445,CHAVEIROS EM PROMOÇÃO,"1,00","7,00",PIX
1064,02/08/2025,000001,996,KIT MINI PIRANHA ADULTO C/6,"1,00","11,99",PIX
1065,02/08/2025,000001,995,PIRANHA ADULTO MÉDIA C/ STRASS,"1,00","12,99",PIX
1066,02/08/2025,000001,999,PIRANHA ACETATO PEQUENA,"1,00","10,99",PIX
1067,02/08/2025,000001,558,PIRANHA GRANDE PELUCIA,"1,00","12,99",PIX
1068,02/08/2025,000001,404,LAÇO CREPE SEDA COM STRASS,"1,00","17,99",PIX
1069,02/08/2025,000001,405,LAÇO RENDA COM PEROLA,"1,00","14,99",PIX
1070,02/08/2025,000001,281,GLOSS MISS ROSE (PROMOÇÃO),"1,00","6,00",PIX
1071,02/08/2025,000001,817,PIRANHA METAL STRASS PEQUENA,"1,00","11,99",PIX
1072,02/08/2025,000001,953,BOBBIE GOODS CAPIVARA GRANDE,"1,00","29,99",BANESE
1073,02/08/2025,000001,958,CAPIVARA PULSEIRA PELUCIA PEQUENA,"1,00","39,99",BANESE
1074,02/08/2025,000001,710,TAXA ENTREGA,"1,00","7,00",BANESE
1075,02/08/2025,000001,535,KIT MINI PIRANHA C/6 UND,"1,00","9,99",PIX DIRETO
1076,02/08/2025,000001,942,BRINCO EARCUFF FOLHEADO,"1,00","14,99",PIX DIRETO
1077,02/08/2025,000001,490,TUBO LIGA DE SILICONE,"1,00","2,99",PIX DIRETO
1078,02/08/2025,000001,484,KIT XUXINHA SIMPLES FINA INFANTIL C/6,"1,00","2,99",PIX DIRETO
1079,02/08/2025,000001,705,XUXINHA ELASTICO COM 2 E PULSEIRA STITCH,"1,00","8,99",PIX DIRETO
1080,04/08/2025,000001,930,SOMBRINHA INFANTIL,"1,00","25,99",CARTÃO CRÉDITO
1081,04/08/2025,000001,168,RELOGIO DIGITAL INFANTIL COM APLIQUE PERSONAGENS,"1,00","17,99",CARTÃO CRÉDITO
1082,04/08/2025,000001,200,APONTADOR PATINHA,"1,00","3,00",CARTÃO DÉBITO
1083,04/08/2025,000001,205,CANETA APAGAVEL PERSONAGENS,"1,00","6,00",CARTÃO DÉBITO
1084,04/08/2025,000001,951,KIT PINTURA UNICORNIO MAGICO 68 PÇS,"1,00","70,00",CARTÃO DÉBITO
1085,04/08/2025,000001,686,EMBALAGEM SACO,"2,00","2,00",CARTÃO DÉBITO
1086,04/08/2025,000001,499,LIXA UNHA INFANTIL C/ 8 UND,"2,00","5,00",CARTÃO DÉBITO
1087,04/08/2025,000001,806,"LAPISEIRA STTICH 0,5 C/ REFIL","1,00","15,00",CARTÃO DÉBITO
1088,04/08/2025,000001,759,GEL HIDRATANTE VIRILHA BABASOUL 280ML,"1,00","24,00",PIX
1089,04/08/2025,000001,738,XUXINHA KIT COM 6,"1,00","3,49",CARTÃO DÉBITO
1090,04/08/2025,000001,360,PÓ FADA ILUMINADOR LOVE RAIN,"1,00","9,99",CARTÃO DÉBITO
1091,04/08/2025,000001,373,GLOSS 3D FEBELLA,"1,00","14,99",CARTÃO DÉBITO
1092,04/08/2025,000001,1094,SQUISHY JOGUINHO,"1,00","15,99",PIX
1093,04/08/2025,000001,500,PULSEIRA CORDÃO AJUSTAVEL,"2,00","4,99",PIX
1094,04/08/2025,000001,1080,SMILE  C/ BRINQUEDO,"1,00","21,99",PIX
1095,05/08/2025,000001,1076,BOBBIE GOODS STITCH,"1,00","35,00",CARTÃO DÉBITO
1096,05/08/2025,000001,941,LAÇO COM APLIQUE PERSONAGEM GRANDE,"1,00","15,00",CARTÃO DÉBITO
1097,05/08/2025,000001,941,LAÇO COM APLIQUE PERSONAGEM GRANDE,"1,00","15,00",CARTÃO DÉBITO
1098,05/08/2025,000001,153,CADERNO DE ADESIVOS CAPIVARA,"1,00","16,00",CARTÃO DÉBITO
1099,05/08/2025,000001,101,BORRACHA PONTEIRAS COM 5 HELLO KITTY,"1,00","22,00",CARTÃO CRÉDITO
1100,05/08/2025,000001,281,GLOSS MISS ROSE (PROMOÇÃO),"1,00","6,00",CARTÃO CRÉDITO
1101,05/08/2025,000001,314,LAPIS BATOM UNI,"1,00","15,00",CARTÃO CRÉDITO
1102,05/08/2025,000001,910,BATOM CREMOSO VIVAI,"1,00","10,00",CARTÃO CRÉDITO
1103,05/08/2025,000001,1003,KIT TIC TAC ADULTO C/2,"1,00","4,00",DINHEIRO
1104,05/08/2025,000001,460,LAÇO INFANTIL COM 2,"1,00","12,00",CARTÃO DÉBITO
1105,05/08/2025,000015,1092,SHORT MASCULINO DUPLO  DRY FIT,"1,00","60,00",PIX
